store,addr,prov,area,div
강대효자점,강원도 춘천시 효자동 632-7,강원,춘천시,강원 춘천시
강릉교동점,강원도 강릉시 교동 1824-1,강원,강릉시,강원 강릉시
강릉내곡점,강원도 강릉시 내곡동 421-2 (남부로 17번길 23),강원,강릉시,강원 강릉시
강릉원주대점,강원특별자치도 강릉시 죽헌길 7 (지변동 강릉원주대학교) 학생회관(C3),강원,강릉시,강원 강릉시
강릉유천점,강원도 강릉시 홍제동 1022-4,강원,강릉시,강원 강릉시
강릉입암점,강원도 강릉시 입암동 708-3,강원,강릉시,강원 강릉시
강릉포남점,강원도 강릉시 하평3길 102동 101호,강원,강릉시,강원 강릉시
강원간성점,강원도 고성군 간성읍 간성로 63,강원,고성군,강원 고성군
강원대점,강원도 춘천시 효자2동 192-1 강원대 천지관 2층,강원,춘천시,강원 춘천시
강원속초점,강원도 속초시 중앙로 107-1,강원,속초시,강원 속초시
강원양양점,강원특별자치도 양양군 양양읍 남문리 36-5 1층,강원,양양군,강원 양양군
강원영월점,강원도 영월군 영월읍 중앙로 69,강원,영월군,강원 영월군
강원인제읍점,강원도 인제군 인제읍 비봉로 7 1층,강원,인제군,강원 인제군
강원태백점,강원도 태백시 황지로 261층,강원,태백시,강원 태백시
강원홍천점,강원도 홍천군 홍천읍 홍천로3길 9,강원,홍천군,강원 홍천군
강원횡성점,강원도 횡성군 횡성읍 태기로 361층,강원,횡성군,강원 횡성군
도계강원대점,강원도 삼척시 도계읍 황조리 209 강원대도계캠퍼스,강원,삼척시,강원 삼척시
동해1함대점,강원 동해시 대동로 430 (송정동) 3층,강원,동해시,강원 동해시
동해효가점,강원도 동해시 효자남길 62 꽃가람,강원,동해시,강원 동해시
명동지하상가점,강원도 춘천시 중앙로 33,강원,춘천시,강원 춘천시
문막점,강원도 원주시 문막읍 동화리 1542-9,강원,원주시,강원 원주시
삼척대학로점,강원도 삼척시 진주로 39 (남양동),강원,삼척시,강원 삼척시
상지대점,강원도 원주시 우산동 660 상지대학교(744-7382),강원,원주시,강원 원주시
석사점,강원도 춘천시 석사동 495-14,강원,춘천시,강원 춘천시
설악워터피아점,강원도 속초시 미시령로 2983번길 111,강원,속초시,강원 속초시
속초교동점,강원도 속초시 번영로 39,강원,속초시,강원 속초시
신강촌점,강원도 춘천시 남산면 강촌로 82,강원,춘천시,강원 춘천시
신만천점,강원도 춘천시 동면 장학리 802-1,강원,춘천시,강원 춘천시
신와수리점,강원도 철원군 서면 와수리 1147,강원,철원군,강원 철원군
신우두점,강원도 춘천시 우두동 1052-14,강원,춘천시,강원 춘천시
신원주단계점,강원도 원주시 단계동 872-3,강원,원주시,강원 원주시
신천곡점,강원도 동해시 천곡동 1061번지 골든타워 106호,강원,동해시,강원 동해시
신철원점,강원도 철원군 갈말읍 삼부연로 7번길 6 2층,강원,철원군,강원 철원군
신평릉부곡점,강원도 동해시 발한로 65,강원,동해시,강원 동해시
신화천점,강원도 화천군 화천읍 하리 43-72,강원,화천군,강원 화천군
신후평동점,강원도 춘천시 후석로 307호,강원,춘천시,강원 춘천시
양구읍점,강원도 양구군 양구읍 양록길 71,강원,양구군,강원 양구군
원주기업도시점,강원도 원주시 지정면 가곡리 1495-1 118-119호,강원,원주시,강원 원주시
원주단구점,강원도 원주시 단구동 1654-2 (단구로 391) 033-765-8981,강원,원주시,강원 원주시
원주롯데시네마점,강원도 원주시 서원대로 406 리더스타워 2층,강원,원주시,강원 원주시
원주무실점,강원도 원주시 능라동길 63,강원,원주시,강원 원주시
원주우산점,강원도 원주시 상지대길 56,강원,원주시,강원 원주시
원주중앙점,강원도 원주시 원일로115번길 10 (일산동),강원,원주시,강원 원주시
원주혁신도시점,강원도 원주시 혁신로 55 골든스퀘어1차203호,강원,원주시,강원 원주시
원주흥업점,강원도 원주시 남원로 85,강원,원주시,강원 원주시
인제서화점,강원도 인제군 서화면 서화리 1120-29,강원,인제군,강원 인제군
인제신남점,강원도 인제군 남면 신남로58번길 21,강원,인제군,강원 인제군
인제원통점,강원도 인제군 북면 원통리 711-18 2층,강원,인제군,강원 인제군
인제현리점,강원특별자치도 인제군 기린면 기린로 37-1 (현리) 2층,강원,인제군,강원 인제군
정선읍점,강원도 정선군 정선읍 봉양리 324-33,강원,정선군,강원 정선군
정선하이원점,강원도 정선군 고한읍 하이원길 500 스키하우스 3층,강원,정선군,강원 정선군
주문진점,강원도 강릉시 주문진읍 교항리 74-6,강원,강릉시,강원 강릉시
철원동송점,강원도 철원군 동송읍 이평2로 14,강원,철원군,강원 철원군
춘천메가박스점,강원도 춘천시 춘천로17번길 17 뉴타운 1층,강원,춘천시,강원 춘천시
춘천석사CGV점,강원도 춘천시 퇴계농공로 22 프라임타워 102호,강원,춘천시,강원 춘천시
평창올림픽점,강원도 평창군 대관령면 횡계리 348-8 1층,강원,평창군,강원 평창군
평창읍점,강원도 평창군 평창읍 백오로 54,강원,평창군,강원 평창군
피자앤치킨 강릉중앙점,강원 강릉시 토성로 128 (용강동) 1층,강원,강릉시,강원 강릉시
한림대점,강원도 춘천시 성심로 4-1,강원,춘천시,강원 춘천시
화천산양점,강원도 화천군 상서면 영서로 7737 1층,강원,화천군,강원 화천군
횡성둔내점,강원도 횡성군 둔내면 고원로 404,강원,횡성군,강원 횡성군
49로데오점,경기도 시흥시 중심상가3길 10 2층,경기,시흥시,경기 시흥시
DMC향동점,경기 고양시 덕양구 꽃마을로 4 (향동동 고양향동 퍼스트타워) 205호,경기,고양시 덕양구,경기 고양시 덕양구
가능역점,경기도 의정부시 가능동 648-17 1층,경기,의정부시,경기 의정부시
가평읍점,경기도 가평군 가평읍 가평제방길 129,경기,가평군,경기 가평군
강남대점,경기도 용인시 기흥구 구갈동 581-1,경기,용인시 기흥구,경기 용인시 기흥구
경기광주능평점,경기도 광주시 오포읍 오포로 116,경기,광주시,경기 광주시
경기광주송정점,경기 광주시 중앙로 334 (송정동) 1CMD,경기,광주시,경기 광주시
경기광주양벌점,경기도 광주시 오포읍 양벌로 299 1층 108~109호,경기,광주시,경기 광주시
고양능곡점,경기도 고양시 덕양구 지도로 101,경기,고양시 덕양구,경기 고양시 덕양구
고양덕은점,경기 고양시 덕양구 으뜸로 90 (덕은동) 1층,경기,고양시 덕양구,경기 고양시 덕양구
고양동점,경기도 고양시 덕양구 혜음로 27,경기,고양시 덕양구,경기 고양시 덕양구
고양서정마을점,경기도 고양시 덕양구 서정마을1로 20-10 1층,경기,고양시 덕양구,경기 고양시 덕양구
고양원당어울림점,경기 고양시 덕양구 고양대로1384번길 7-5 (성사동 서강프라자) 101102103호 일부,경기,고양시 덕양구,경기 고양시 덕양구
고양원흥지구점,경기도 고양시 덕양구 도래울2로 3,경기,고양시 덕양구,경기 고양시 덕양구
고양중부대점,경기도 고양시 덕양구 동헌로 307번길 6,경기,고양시 덕양구,경기 고양시 덕양구
고양풍동점,경기도 고양시 일산동구 숲속마을1로 77 107호108호 (풍동그린메디피아),경기,고양시 일산동구,경기 고양시 일산동구
고읍점,경기도 양주시 고읍남로 20-5,경기,양주시,경기 양주시
고잔신도시점,경기도 안산시 단원구 광덕동로 61 115116호(고잔동),경기,안산시 단원구,경기 안산시 단원구
과천점,경기도 과천시 중앙동 40-11번지 102103호,경기,과천시,경기 과천시
관산점,경기도 고양시 덕양구 통일로 760번지 103104호,경기,고양시 덕양구,경기 고양시 덕양구
관양점,경기도 안양시 동안구 관평로 330,경기,안양시 동안구,경기 안양시 동안구
광교역점,경기도 수원시 영통구 이의동 1254-2,경기,수원시 영통구,경기 수원시 영통구
광교중앙점,경기도 수원시 영통구 이의동 1369-1 1층 106호,경기,수원시 영통구,경기 수원시 영통구
광명소하점,경기도 광명시 소하로 81 1층 104호,경기,광명시,경기 광명시
광명역점,경기 광명시 양지로 19 (일직동) 104105호,경기,광명시,경기 광명시
광명철산점,경기도 광명시 오리로856번길 8 2층,경기,광명시,경기 광명시
광주경안점,경기도 광주시 경안로 16,경기,광주시,경기 광주시
광주곤지암점,경기도 광주시 곤지암읍 곤지암리 430-9 1층,경기,광주시,경기 광주시
광주신현리점,경기도 광주시 오포읍 신현로 84 1동 1층,경기,광주시,경기 광주시
광주역동점,경기 광주시 장지1길 28 (장지동 대광프라자) 103호,경기,광주시,경기 광주시
광주태전점,경기도 광주시 고불로 46번길 4,경기,광주시,경기 광주시
광주퇴촌점,경기 광주시 퇴촌면 도수리 618-22 1층,경기,광주시,경기 광주시
교하점,경기도 파주시 청석로 260 101호(동패동),경기,파주시,경기 파주시
구리갈매점,경기도 구리시 갈매중앙로 89-10,경기,구리시,경기 구리시
구리역점,경기도 구리시 건원대로34번길 15 1층 106호 (인창동),경기,구리시,경기 구리시
구리한대병원점,경기도 구리시 경춘로 1681층,경기,구리시,경기 구리시
군포당동점,경기 군포시 고산로250번길 1 (당동) 2층,경기,군포시,경기 군포시
군포산본점,경기도 군포시 광정로 68 203호,경기,군포시,경기 군포시
금정역AK점,경기 군포시 엘에스로 143 (금정동 힐스테이트 금정역) 1001호(힐스테이트 금정역),경기,군포시,경기 군포시
기흥구청점,경기도 용인시 기흥구 구갈로 70 메가타운 102호,경기,용인시 기흥구,경기 용인시 기흥구
기흥역AK점,경기 용인시 기흥구 기흥역로 63 (구갈동 힐스테이트 기흥) 101호,경기,용인시 기흥구,경기 용인시 기흥구
김포감정점,경기도 김포시 감정동 515-11,경기,김포시,경기 김포시
김포걸포점,경기도 김포시 걸포2로 49,경기,김포시,경기 김포시
김포고촌점,경기도 김포시 고촌읍 김포대로 344,경기,김포시,경기 김포시
김포구래점,경기도 김포시 구래동 6883-2 아스타프라자 123호 (김포한강9로76번길 63),경기,김포시,경기 김포시
김포대곶점,경기도 김포시 대곶면 율생리 498-1,경기,김포시,경기 김포시
김포마산점,경기 김포시 김포한강8로 166 (마산동) 104105호,경기,김포시,경기 김포시
김포사우점,경기도 김포시 북변동 825번지 테마프라자 1층 104호(사우중로 79 104호(북변동테마,경기,김포시,경기 김포시
김포양곡점,경기 김포시 양촌읍 양곡2로30번길 7-7 (양곡리) 1층,경기,김포시,경기 김포시
김포운양점,경기 김포시 김포한강11로 288-19 (운양동 운양프라자),경기,김포시,경기 김포시
김포장기점,경기도 김포시 장기동 1615,경기,김포시,경기 김포시
김포통진점,경기도 김포시 통진읍 김포대로 2230번길 21-10,경기,김포시,경기 김포시
김포풍무점,경기도 김포시 풍무동 405-42층,경기,김포시,경기 김포시
남양주금곡점,경기도 남양주시 경춘로 996,경기,남양주시,경기 남양주시
남양주다산역점,경기 남양주시 다산중앙로 132 (다산동) 1층,경기,남양주시,경기 남양주시
남양주다산진건점,경기 남양주시 다산순환로 424 (다산동 다산진건지구 근생3-1-3) 203호,경기,남양주시,경기 남양주시
남양주덕소점,경기 남양주시 와부읍 덕소로97번길 2 (덕소리 동산빌딩) 201호,경기,남양주시,경기 남양주시
남양주도농점,경기 남양주시 다산동 6175-1,경기,남양주시,경기 남양주시
남양주마석점,경기 남양주시 화도읍 마석우리 404-7,경기,남양주시,경기 남양주시
남양주별내1점,경기도 남양주시 별내동 1084-5,경기,남양주시,경기 남양주시
남양주부평점,경기 남양주시 진접읍 부평리 702-1,경기,남양주시,경기 남양주시
남양주사능점,경기도 남양주시 진건읍 용정리 780-4(진건오남로 77) 심미에셈빌,경기,남양주시,경기 남양주시
남양주장현점,경기도 남양주시 진접읍 장현로47번길 6-9,경기,남양주시,경기 남양주시
남양주지금점,경기도 남양주시 다산지금로 131 105호,경기,남양주시,경기 남양주시
남양주창현점,경기 남양주시 화도읍 창현리 547-15 106-107호,경기,남양주시,경기 남양주시
남양주청학점,경기도 남양주시 별내면 청학로중앙길 13-23,경기,남양주시,경기 남양주시
남양주평내점,경기도 남양주시 평내동 579-3 엠투프라자 제1층,경기,남양주시,경기 남양주시
녹양점,경기도 의정부시 녹양동 354-6번지 101호,경기,의정부시,경기 의정부시
다산역점,경기 남양주시 다산순환로 173 (다산동 다산 한양수자인 리버팰리스 상 105호,경기,남양주시,경기 남양주시
대진대점,경기도 포천시 군내면 호국로 1007-15(선단동 89-15) 12층,경기,포천시,경기 포천시
덕정점,경기도 양주시 덕정동 240-11번지 203호,경기,양주시,경기 양주시
도당여월점,경기도 부천시 오정구 원종동 375-12,경기,부천시 오정구,경기 부천시 오정구
동두천보산점,경기도 동두천시 평화로 2549,경기,동두천시,경기 동두천시
동두천지행점,경기도 동두천시 지행동 694-2,경기,동두천시,경기 동두천시
동서울대점,경기 성남시 수정구 복정로 71 (복정동) 1층 2층,경기,성남시 수정구,경기 성남시 수정구
동탄11자상가점,경기도 화성시 동탄순환대로 6901층,경기,화성시,경기 화성시
동탄2신도시점,경기도 화성시 동탄대로시범길 148-54 A동 108호,경기,화성시,경기 화성시
동탄나루마을점,경기도 화성시 동탄솔빛로 61 훼미리빌딩,경기,화성시,경기 화성시
동탄능동점,경기도 화성시 동탄지성로 142,경기,화성시,경기 화성시
동탄목동점,경기 화성시 동탄신리천로 411 (목동) 119호,경기,화성시,경기 화성시
동탄반송점,경기도 화성시 동탄원천로 163,경기,화성시,경기 화성시
동탄여울공원점,경기 화성시 동탄광역환승로 73 (오산동 동탄역 반도유보라 아이비파크 8,경기,화성시,경기 화성시
동탄테크노밸리점,경기 화성시 동탄기흥로 570-6 (영천동),경기,화성시,경기 화성시
동탄호수공원점,경기도 화성시 동탄면 산척리 589,경기,화성시,경기 화성시
라베니체점,경기 김포시 김포한강4로 8 (장기동) 1층 109호,경기,김포시,경기 김포시
망월사역점,경기도 의정부시 평화로 206,경기,의정부시,경기 의정부시
모란역점,경기도 성남시 중원구 성남대로 11442층,경기,성남시 중원구,경기 성남시 중원구
목감역점,경기도 시흥시 목감동 407,경기,시흥시,경기 시흥시
미금역점,경기도 성남시 분당구 돌마로 75 2층,경기,성남시 분당구,경기 성남시 분당구
미사강변대로점,경기도 하남시 미사강변대로 80 그린프라자 2층 201호,경기,하남시,경기 하남시
미사역점,경기도 하남시 망월동 1089,경기,하남시,경기 하남시
박달사거리점,경기 안양시 만안구 양화로 112 (박달동 상민빌딩) 1층,경기,안양시 만안구,경기 안양시 만안구
배곧한라점,경기 시흥시 배곧1로 27-16 (정왕동 한라비발디캠퍼스2차) 상가4동 1층 101A101B,경기,시흥시,경기 시흥시
범계점,경기도 안양시 동안구 평촌대로223번길 65 205-206-207호 (호계동 1046-1 범계빌딩),경기,안양시 동안구,경기 안양시 동안구
별내북부역점,경기도 남양주시 별내3로 318 104호,경기,남양주시,경기 남양주시
병점중앙점,경기도 화성시 효행로 1059 (진안동) 112~3호(미래프라자),경기,화성시,경기 화성시
부천고강점,경기도 부천시 오정구 고강동 371-8,경기,부천시 오정구,경기 부천시 오정구
부천괴안점,경기도 부천시 소사구 괴안동 87-1,경기,부천시 소사구,경기 부천시 소사구
부천대점,경기도 부천시 원미구 심곡동 377-40 2층,경기,부천시 원미구,경기 부천시 원미구
부천상동역점,경기도 부천시 원미구 상동 534-2 상동프라자 104호,경기,부천시 원미구,경기 부천시 원미구
부천상동점,경기도 부천시 원미구 상동 557-3 늘푸른상가 2층,경기,부천시 원미구,경기 부천시 원미구
부천소명점,경기도 부천시 원미구 소사동 5-17,경기,부천시 원미구,경기 부천시 원미구
부천역곡점,경기도 부천시 원미구 역곡동 79,경기,부천시 원미구,경기 부천시 원미구
부천옥길점,경기도 부천시 소사구 옥길동 776-1,경기,부천시 소사구,경기 부천시 소사구
부천원미점,경기도 부천시 원미구 원미동 94-5 명성프라자 107호,경기,부천시 원미구,경기 부천시 원미구
부천중동1점,경기도 부천시 원미구 중동 1079-1 뉴월드타운 101호,경기,부천시 원미구,경기 부천시 원미구
부천카톨릭대점,경기도 부천시 원미구 역곡동 산43-1,경기,부천시 원미구,경기 부천시 원미구
분당HD현대GRC점,경기 성남시 분당구 분당수서로 477 (정자동) 4층,경기,성남시 분당구,경기 성남시 분당구
분당서현점,경기도 성남시 분당구 불정로 376번길 7,경기,성남시 분당구,경기 성남시 분당구
분당정자역점,경기 성남시 분당구 정자일로198번길 26 (정자동 노비오스호텔) 1층 103호,경기,성남시 분당구,경기 성남시 분당구
산기대점,경기도 시흥시 산기대학로 237 스마트허브산학융합 1층,경기,시흥시,경기 시흥시
삼송동산고점,경기도 고양시 덕양구 동세로 22-2 1층,경기,고양시 덕양구,경기 고양시 덕양구
삼육대점,경기도 남양주시 불암로 41-56,경기,남양주시,경기 남양주시
서판교점,경기도 성남시 분당구 운중로 142,경기,성남시 분당구,경기 성남시 분당구
서현역점,경기도 성남시 분당구 서현동 247-2 2층,경기,성남시 분당구,경기 성남시 분당구
석수역DT점,경기 안양시 만안구 경수대로 1401 (석수동) 1~2층,경기,안양시 만안구,경기 안양시 만안구
성결대점,경기도 안양시 만안구 성결대학로 38,경기,안양시 만안구,경기 안양시 만안구
성남단대점,경기 성남시 중원구 광명로 322 (금광동) 1층,경기,성남시 중원구,경기 성남시 중원구
성남도촌점,경기 성남시 중원구 도촌로 12 (도촌동 도촌대덕프라자) 108-109호,경기,성남시 중원구,경기 성남시 중원구
성남상대원점,경기 성남시 중원구 상대원동 5469 1층,경기,성남시 중원구,경기 성남시 중원구
성남세이브존점,경기도 성남시 수정구 산성대로 337,경기,성남시 수정구,경기 성남시 수정구
성남신흥점,경기도 성남시 수정구 수정로 192,경기,성남시 수정구,경기 성남시 수정구
성남은행시장점,경기 성남시 수정구 산성대로 523 (양지동) 1층,경기,성남시 수정구,경기 성남시 수정구
소사본점,경기도 부천시 소사구 소사본동 229,경기,부천시 소사구,경기 부천시 소사구
소하사거리점,경기도 광명시 소하동 920-5번지 1층,경기,광명시,경기 광명시
송산그린시티점,경기도 화성시 수노을중앙로 126,경기,화성시,경기 화성시
송추점,경기도 양주시 장흥면 호국로 559-1,경기,양주시,경기 양주시
송탄점,경기도 평택시 서정동 817-5,경기,평택시,경기 평택시
수내역점,경기도 성남시 분당구 백현로 101번길 20 1층 103104,경기,성남시 분당구,경기 성남시 분당구
수원경희대점,경기도 용인시 기흥구 서그내로 15번길 33  1층 일부호(서천동),경기,용인시 기흥구,경기 용인시 기흥구
수원곡반점,경기도 수원시 권선구 곡반정동 564-8,경기,수원시 권선구,경기 수원시 권선구
수원공군제10전투비행장점,경기 수원시 권선구 세류동 1145 1층,경기,수원시 권선구,경기 수원시 권선구
수원권선점,경기도 수원시 권선구 동수원로 242번길 18,경기,수원시 권선구,경기 수원시 권선구
수원금곡점,경기도 수원시 권선구 금곡로102번길 38번지 1층,경기,수원시 권선구,경기 수원시 권선구
수원당수점,경기 수원시 권선구 당수동 236-10 지층,경기,수원시 권선구,경기 수원시 권선구
수원대점,경기도 화성시 봉담읍 와우리 43-3 2층,경기,화성시,경기 화성시
수원매탄2호점,경기도 수원시 영통구 매탄로 108번길 10,경기,수원시 영통구,경기 수원시 영통구
수원매탄점,경기도 수원시 영통구 매탄동 832-19,경기,수원시 영통구,경기 수원시 영통구
수원북문점,경기 수원시 장안구 정조로922번길 1 (영화동 한도체육사) 1층,경기,수원시 장안구,경기 수원시 장안구
수원성균관대점,경기도 수원시 장안구 서부로 2128 2층 (율전동),경기,수원시 장안구,경기 수원시 장안구
수원세류점,경기도 수원시 권선구 세지로 99 1층,경기,수원시 권선구,경기 수원시 권선구
수원시청점,경기 수원시 팔달구 인계로166번길 48-17 (인계동) 1층,경기,수원시 팔달구,경기 수원시 팔달구
수원아주대점,경기도 수원시 팔달구 아주로 47 2층 (우만동),경기,수원시 팔달구,경기 수원시 팔달구
수원역점,경기도 수원시 팔달구 매산로 1가 47-4 (매산로 15 (매산로 1가)),경기,수원시 팔달구,경기 수원시 팔달구
수원오목천점,경기도 수원시 권선구 삼천병마로 1566번길 26 1층,경기,수원시 권선구,경기 수원시 권선구
수원정자점,경기도 수원시 장안구 정자동 877-4 2층,경기,수원시 장안구,경기 수원시 장안구
수원조원점,경기도 수원시 장안구 조원동 898-2,경기,수원시 장안구,경기 수원시 장안구
수원천천점,경기도 수원시 장안구 만석로19번길 35,경기,수원시 장안구,경기 수원시 장안구
수원탑동점,경기도 수원시 권선구 금호로 222,경기,수원시 권선구,경기 수원시 권선구
수지구청역점,경기도 용인시 수지구 수지로296번길 51-9 102호 (풍덕천동 1080-13 다모아빌딩),경기,용인시 수지구,경기 용인시 수지구
수지동천점,경기도 용인시 수지구 손곡로 100,경기,용인시 수지구,경기 용인시 수지구
수지상현점,경기도 용인시 수지구 상현동 257-22 142호,경기,용인시 수지구,경기 용인시 수지구
수진역점,경기도 성남시 중원구 광명로 119번지 1층 (성남동),경기,성남시 중원구,경기 성남시 중원구
수택3점,경기도 구리시 체육관로 80번길 28,경기,구리시,경기 구리시
시흥거모점,경기도 시흥시 거모동 1761-16(군자로 519) 102동 101102호,경기,시흥시,경기 시흥시
시흥배곧1호점,경기도 시흥시 서울대학로278번길 43-7 117호,경기,시흥시,경기 시흥시
시흥보니타가점,경기 시흥시 거북섬중앙로 1 (정왕동) 3층,경기,시흥시,경기 시흥시
시흥신천점,경기도 시흥시 신천3길 47,경기,시흥시,경기 시흥시
시흥은계점,경기도 시흥시 은행동 646-5,경기,시흥시,경기 시흥시
시흥은행점,경기도 시흥시 은행로155번길 11한별프라자 101호,경기,시흥시,경기 시흥시
시흥장현점,경기 시흥시 장현동 406-2,경기,시흥시,경기 시흥시
시흥휴게소점,경기도 시흥시 조남동 산 15-10,경기,시흥시,경기 시흥시
식사점,경기도 고양시 일산동구 위시티2로 11번길 1층,경기,고양시 일산동구,경기 고양시 일산동구
신고잔점,경기도 안산시 단원구 당곡1로 27 동산빌딩 103호 (고잔동 672-6번지),경기,안산시 단원구,경기 안산시 단원구
신구대점,경기도 성남시 중원구 금광2동 2685번지 (010-5304-9444),경기,성남시 중원구,경기 성남시 중원구
신문산당동점,경기도 파주시 문산읍 당동리 888-5번지,경기,파주시,경기 파주시
신부천송내역점,경기도 부천시 소사구 송내동 709-3,경기,부천시 소사구,경기 부천시 소사구
신송우점,경기도 포천시 소흘읍 솔모루로 30,경기,포천시,경기 포천시
신시흥능곡점,경기도 시흥시 능곡동 782번지 신안인스빌(12블럭)상가 101호,경기,시흥시,경기 시흥시
신안산중앙역점,경기도 안산시 단원구 고잔2길 38 중앙상가,경기,안산시 단원구,경기 안산시 단원구
신야탑1호점,경기도 성남시 분당구 야탑동 272-4번지 성산빌딩 1층 (벌말로 40번길 3 1층),경기,성남시 분당구,경기 성남시 분당구
신영통점,경기도 수원시 영통구 영통로 136 센트럴타워 107108호 (망포동 386),경기,수원시 영통구,경기 수원시 영통구
신원마을점,경기도 고양시 덕양구 신원로 36 1층,경기,고양시 덕양구,경기 고양시 덕양구
안산다문화점,경기 안산시 단원구 원곡로 43 (원곡동) 1층,경기,안산시 단원구,경기 안산시 단원구
안산반월점,경기도 안산시 상록구 건건로 1231층,경기,안산시 상록구,경기 안산시 상록구
안산본오점,경기도 안산시 상록구 샘골로 187,경기,안산시 상록구,경기 안산시 상록구
안산선부점,경기도 안산시 단원구 선부광장1로 30 103호 (선부동 1070-15),경기,안산시 단원구,경기 안산시 단원구
안산신길점,경기도 안산시 단원구 신길동 1616,경기,안산시 단원구,경기 안산시 단원구
안산원곡점,경기도 안산시 단원구 화랑로 107,경기,안산시 단원구,경기 안산시 단원구
안산일동점,경기 안산시 상록구 안산대학로 110 (일동) 1층,경기,안산시 상록구,경기 안산시 상록구
안산초지점,경기도 안산시 단원구 초지동 732번지 (광덕1로 56 (초지동)),경기,안산시 단원구,경기 안산시 단원구
안산한대역점,경기도 안산시 상록구 광덕1로 380,경기,안산시 상록구,경기 안산시 상록구
안성1점,경기도 안성시 대천동 66번지 (안성맞춤대로 1074 (대천동)),경기,안성시,경기 안성시
안성공도점,경기도 안성시 공도읍 공도4로 817-2 1층,경기,안성시,경기 안성시
안성죽산점,경기 안성시 죽산면 죽산리 104-5 1~2층,경기,안성시,경기 안성시
안성중앙대점,경기 안성시 대덕면 대학 3길 31,경기,안성시,경기 안성시
안성진사리점,경기도 안성시 공도읍 진사리 20-19,경기,안성시,경기 안성시
안성한경대점,경기도 안성시 석정동 266-6 1층,경기,안성시,경기 안성시
안양1번가점,경기도 안양시 만안구 안양로304번길 4(안양동),경기,안양시 만안구,경기 안양시 만안구
안양관악역점,경기 안양시 만안구 안양로 495 (석수동),경기,안양시 만안구,경기 안양시 만안구
안양비산점,경기 안양시 동안구 관악대로 99 (비산동) 1층,경기,안양시 동안구,경기 안양시 동안구
안양석수점,경기도 안양시 만안구 충훈로 83 1층,경기,안양시 만안구,경기 안양시 만안구
안양연성대점,경기도 안양시 만안구 안양3동 958-4,경기,안양시 만안구,경기 안양시 만안구
안양평촌학원가점,경기도 안양시 동안구 평촌동 901 1층,경기,안양시 동안구,경기 안양시 동안구
안양호계점,경기도 안양시 동안구 호계동 949-17 1층,경기,안양시 동안구,경기 안양시 동안구
야당역점,경기도 파주시 경의로 1080 명동프라자 104호 (야당동 1070),경기,파주시,경기 파주시
양주광적점,경기도 양주시 광적면 가래비12길 11-15,경기,양주시,경기 양주시
양주남면신산점,경기도 양주시 남면 개나리11길 7 1층,경기,양주시,경기 양주시
양주덕계점,경기도 양주시 평화로 1440,경기,양주시,경기 양주시
양주백석점,경기도 양주시 백석읍 호명로 84 1층,경기,양주시,경기 양주시
양주옥정중앙점,경기도 양주시 옥정로 1961층,경기,양주시,경기 양주시
양평역점,경기도 양평군 양평읍 양평시장길 32,경기,양평군,경기 양평군
양평용문점,경기 양평군 용문면 용문역길 22 (다문리) 1층,경기,양평군,경기 양평군
여주가남점,경기 여주시 가남읍 태평로 56 (태평리 가남터미널),경기,여주시,경기 여주시
여주점,경기도 여주시 상동 285-3,경기,여주시,경기 여주시
여주점봉점,경기 여주시 세종로 361 (점봉동) 1층,경기,여주시,경기 여주시
연성점,경기도 시흥시 장곡동 822-4번지 1층,경기,시흥시,경기 시흥시
연천역점,경기도 연천군 연천읍 연천역로 71층,경기,연천군,경기 연천군
영통1호점,경기도 수원시 영통구 덕영대로 1555번길 13,경기,수원시 영통구,경기 수원시 영통구
영통2호점,경기도 수원시 영통구 봉영로 1759번길8-9,경기,수원시 영통구,경기 수원시 영통구
영통역점,경기도 수원시 영통구 봉영로 1590 118-1호,경기,수원시 영통구,경기 수원시 영통구
오남양지점,경기도 남양주시 오남읍 진건오남로 812 1층,경기,남양주시,경기 남양주시
오산갈곶점,경기 오산시 오산로 91-12 (갈곶동) 1층 1호,경기,오산시,경기 오산시
오산공군기지점,경기도 평택시 신장동 298-19 오산레포츠센터 2층,경기,평택시,경기 평택시
오산대점,경기도 오산시 청학로 39 2층,경기,오산시,경기 오산시
오산세교점,경기도 오산시 수청로 197 2층,경기,오산시,경기 오산시
오산수청점,경기도 오산시 수청동 620-1번지 백현프라자 1층,경기,오산시,경기 오산시
오산시청점,경기도 오산시 운암로 19 (중앙상가  원동)102호,경기,오산시,경기 오산시
오이도점,경기도 시흥시 정왕3동 2017-4호,경기,시흥시,경기 시흥시
와동점,경기도 안산시 단원구 와동 819-15번지 (와동공원로 57-1 (와동1층)),경기,안산시 단원구,경기 안산시 단원구
용인고림점,경기 용인시 처인구 고림동 736-26,경기,용인시 처인구,경기 용인시 처인구
용인구성점,경기도 용인시 기흥구 구성로 110,경기,용인시 기흥구,경기 용인시 기흥구
용인남사점,경기도 용인시 처인구 남사면 완장리 9541층 맘스터치,경기,용인시 처인구,경기 용인시 처인구
용인단대점,경기도 용인시 수지구 죽전동 1323-4번지 (죽전로144번길 7-10 1층(죽전동)),경기,용인시 수지구,경기 용인시 수지구
용인동백점,경기도 용인시 기흥구 동백중앙로 265,경기,용인시 기흥구,경기 용인시 기흥구
용인둔전점,경기도 용인시 처인구 포곡읍 포곡로 99,경기,용인시 처인구,경기 용인시 처인구
용인모현점,경기 용인시 처인구 모현읍 외대로 34 (왕산리) 1층,경기,용인시 처인구,경기 용인시 처인구
용인민속촌점,경기 용인시 기흥구 사은로 86 (보라동) 1층,경기,용인시 기흥구,경기 용인시 기흥구
용인백암점,경기 용인시 처인구 백암면 백암로185번길 5 (백암리) 1층,경기,용인시 처인구,경기 용인시 처인구
용인보정점,경기도 용인시 기흥구 죽전로 50(103104호),경기,용인시 기흥구,경기 용인시 기흥구
용인보정점,경기 용인시 기흥구 보정로 109 (보정동 현대프라자) 105호,경기,용인시 기흥구,경기 용인시 기흥구
용인상갈점,경기도 용인시 기흥구 상갈동 473,경기,용인시 기흥구,경기 용인시 기흥구
용인상현역점,경기도 용인시 수지구 광교중앙로 319 1층 106~107호,경기,용인시 수지구,경기 용인시 수지구
용인신봉점,경기도 용인시 수지구 신봉동 965 101동 101호,경기,용인시 수지구,경기 용인시 수지구
용인양지점,경기도 용인시 처인구 양지면 양지리 569-2,경기,용인시 처인구,경기 용인시 처인구
용인역북점,경기 용인시 처인구 명지로16번길 9-23 (역북동),경기,용인시 처인구,경기 용인시 처인구
용인천리점,경기 용인시 처인구 이동읍 천리 237-26 1층,경기,용인시 처인구,경기 용인시 처인구
용인휴게소 강릉방향점,경기 용인시 처인구 주북로94번길 30-1 (고림동 용인휴게소) 1층,경기,용인시 처인구,경기 용인시 처인구
용인흥덕점,경기도 용인시 기흥구 흥덕중앙로 41 105106호,경기,용인시 기흥구,경기 용인시 기흥구
운정2호점,경기도 파주시 미래로602번길 35,경기,파주시,경기 파주시
운정다율점,경기 파주시 해올2길 16 (다율동) 109~110호,경기,파주시,경기 파주시
운정산내마을점,경기도 파주시 청암로17번길 53108.109호,경기,파주시,경기 파주시
운정초롱꽃마을점,경기 파주시 동패동 2124-1 1층,경기,파주시,경기 파주시
월피부곡점,경기도 안산시 상록구 부곡동 538-3번지 1층 105호,경기,안산시 상록구,경기 안산시 상록구
웨스턴돔점,경기도 고양시 일산동구 정발산로 24 웨스턴돔2 1층,경기,고양시 일산동구,경기 고양시 일산동구
위례창곡점,경기도 성남시 수정구 창곡동 513 203호,경기,성남시 수정구,경기 성남시 수정구
의왕고천점,경기 의왕시 고천동 234-6 103호,경기,의왕시,경기 의왕시
의왕내손점,경기도 의왕시 내손동 416-3,경기,의왕시,경기 의왕시
의왕역점,경기도 의왕시 철도박물관로 71 (삼동 193-10),경기,의왕시,경기 의왕시
의왕오전점,경기 의왕시 오전로 206 (오전동) 1층,경기,의왕시,경기 의왕시
의왕포일점,경기 의왕시 포일동 660-2 103104105호,경기,의왕시,경기 의왕시
의정부경민점,경기도 의정부시 가능동 697-5(1층),경기,의정부시,경기 의정부시
의정부금오지구점,경기도 의정부시 청사로47번길 18,경기,의정부시,경기 의정부시
의정부낙양점,경기 의정부시 용민로 391 (낙양동 예스프라자 시그니처) 1층 104호,경기,의정부시,경기 의정부시
의정부민락2지구점,경기도 의정부시 오목로 225번길 1411층,경기,의정부시,경기 의정부시
의정부신곡점,경기도 의정부시 발곡로 271층,경기,의정부시,경기 의정부시
의정부역점,경기도 의정부시 신흥로240번길 26,경기,의정부시,경기 의정부시
의정부용현점,경기도 의정부시 용민로 64 103104호,경기,의정부시,경기 의정부시
이매역점,경기 성남시 분당구 양현로 126 (이매동 미림프라자) 2층,경기,성남시 분당구,경기 성남시 분당구
이천롯데마트점,경기 이천시 구만리로 191 (안흥동 이천 롯데캐슬 골드스카이) 1층,경기,이천시,경기 이천시
이천마장점,경기도 이천시 마장면 오천리 59-7,경기,이천시,경기 이천시
이천송정점,경기 이천시 증신로291번길 148 (송정동) 1층,경기,이천시,경기 이천시
이천장호원점,경기 이천시 장호원읍 장호원리 40-1 2층,경기,이천시,경기 이천시
이천점,경기도 이천시 창전동 161-13 2층,경기,이천시,경기 이천시
이천증포점,경기도 이천시 이섭대천로 1376,경기,이천시,경기 이천시
이천하이닉스점,경기도 이천시 부발읍 아미리 671 1층,경기,이천시,경기 이천시
인덕원역점,경기 안양시 동안구 흥안대로 521 (관양동) 2층,경기,안양시 동안구,경기 안양시 동안구
일산가좌점,경기도 고양시 일산서구 가좌3로 25,경기,고양시 일산서구,경기 고양시 일산서구
일산대화역점,경기도 고양시 일산서구 중앙로 1581 1층,경기,고양시 일산서구,경기 고양시 일산서구
일산덕이점,경기 고양시 일산서구 하이파크2로 40 (덕이동 금문프라자) 201호,경기,고양시 일산서구,경기 고양시 일산서구
일산동점,경기도 고양시 일산서구 일산동 2023,경기,고양시 일산서구,경기 고양시 일산서구
일산마두백마점,경기도 고양시 일산동구 일산로 249,경기,고양시 일산동구,경기 고양시 일산동구
일산마두역점,경기도 고양시 일산동구 강석로 123A동 140호,경기,고양시 일산동구,경기 고양시 일산동구
일산백석점,경기도 고양시 일산동구 중앙로 1080,경기,고양시 일산동구,경기 고양시 일산동구
일산하늘마을점,경기도 고양시 일산동구 중산동 1836-2 103호,경기,고양시 일산동구,경기 고양시 일산동구
일산후곡점,경기도 고양시 일산서구 일산동 1081-1,경기,고양시 일산서구,경기 고양시 일산서구
전곡점,경기도 연천군 전곡읍 전곡리 152번지,경기,연천군,경기 연천군
정왕점,경기도 시흥시 정왕4동 1884-7 한양코아 1층,경기,시흥시,경기 시흥시
죽전도담마을점,경기 용인시 수지구 대지로 42 (죽전동) 1층,경기,용인시 수지구,경기 용인시 수지구
죽전새터마을점,경기도 용인시 수지구 현암로 121 2층(208209호),경기,용인시 수지구,경기 용인시 수지구
중동미리내점,경기도 부천시 원미구 중동 1144-2,경기,부천시 원미구,경기 부천시 원미구
중동역점,경기도 부천시 원미구 중동 808,경기,부천시 원미구,경기 부천시 원미구
중동현대점,경기도 부천시 원미구 중동 1161-2,경기,부천시 원미구,경기 부천시 원미구
중산마을점,경기 고양시 일산동구 탄중로 324 (중산동) 104 105호,경기,고양시 일산동구,경기 고양시 일산동구
지산리조트점,경기 이천시 마장면 해월리 358 J플라자 1층,경기,이천시,경기 이천시
지축역점,경기도 고양시 덕양구 지축1로 39 203호,경기,고양시 덕양구,경기 고양시 덕양구
진접해밀초점,경기도 남양주시 진접읍 해밀예당3로 95 104호,경기,남양주시,경기 남양주시
처인구청점,경기도 용인시 처인구 김량장동 301-3 1층,경기,용인시 처인구,경기 용인시 처인구
천마산점,경기 남양주시 화도읍 먹갓로 6 (묵현리) 2층 화도워시존 1동,경기,남양주시,경기 남양주시
청평점,경기도 가평군 청평면 청평리 319-59,경기,가평군,경기 가평군
초월역점,경기 광주시 초월읍 쌍동리 260-45,경기,광주시,경기 광주시
킨텍스원시티점,경기도 고양시 일산동구 장항동 1753( 태극로 8 상가1동 106호),경기,고양시 일산동구,경기 고양시 일산동구
태전중앙로점,경기도 광주시 태전동 702-34,경기,광주시,경기 광주시
태평역점,경기도 성남시 수정구 수정로 80 우리빌 104호 (수진동 2965),경기,성남시 수정구,경기 성남시 수정구
파주광탄점,경기 파주시 광탄면 혜음로 1122 (신산리) 1층,경기,파주시,경기 파주시
파주금릉역점,경기도 파주시 금빛로 24-18 거성프라자 202 203호,경기,파주시,경기 파주시
파주금촌역점,경기도 파주시 새꽃로 196,경기,파주시,경기 파주시
파주문산터미널점,경기도 파주시 문산읍 문향로67번길 9,경기,파주시,경기 파주시
파주봉일천점,경기 파주시 조리읍 봉천로 42-1 (봉일천리 서울경희한의원) 1층,경기,파주시,경기 파주시
파주운정1호점,경기도 파주시 와석순환로 133 106호,경기,파주시,경기 파주시
파주적성점,경기 파주시 적성면 청송로 1027-11 (마지리 허씨네부대고기),경기,파주시,경기 파주시
판교밸리고등점,경기 성남시 수정구 대왕판교로 981 (고등동 판교밸리자이 2단지) 1층,경기,성남시 수정구,경기 성남시 수정구
팽성점,경기도 평택시 팽성읍 객사리 144-5 (팽성읍 동서촌로54 1층),경기,평택시,경기 평택시
평촌역사거리점,경기 안양시 동안구 관양동 1746 140호,경기,안양시 동안구,경기 안양시 동안구
평택고덕에듀타운점,경기 평택시 고덕로3길 26 (고덕동) 1층,경기,평택시,경기 평택시
평택고덕점,경기 평택시 고덕면 고덕국제3길 30 (여염리),경기,평택시,경기 평택시
평택동삭점,경기 평택시 상서재로 80 (동삭동 평택센트럴자이 5단지) 516동 114115호,경기,평택시,경기 평택시
평택비전점,경기도 평택시 평남로 717,경기,평택시,경기 평택시
평택소사벌점,경기도 평택시 비전동 1012-2,경기,평택시,경기 평택시
평택안중점,경기도 평택시 안중읍 안현로서6길 66,경기,평택시,경기 평택시
평택역점,경기도 평택시 중앙2로 8 12층 (평택동 51-1),경기,평택시,경기 평택시
평택이충점,경기도 평택시 이충동 665-3 대영프라자 104호,경기,평택시,경기 평택시
평택장당점,경기 평택시 청원로 1200 (이충동 금강프라자) 1층,경기,평택시,경기 평택시
평택청북점,경기도 평택시 청북면 옥길리 1159-1,경기,평택시,경기 평택시
평택포승점,경기도 평택시 포승읍 여술2길 261층,경기,평택시,경기 평택시
포천신읍점,경기도 포천시 구절초로 14-1 (신읍동) (031-535-9214),경기,포천시,경기 포천시
포천운천점,경기도 포천시 영북면 운천로 22,경기,포천시,경기 포천시
포천일동점,경기도 포천시 일동면 기산리 90-34,경기,포천시,경기 포천시
피자앤치킨 남양주오남점,경기 남양주시 오남읍 오남리 235 103호,경기,남양주시,경기 남양주시
피자앤치킨 북수원점,경기 수원시 장안구 대평로 128 (정자동 파크프라자) 103호,경기,수원시 장안구,경기 수원시 장안구
피자앤치킨 수원인계점,경기 수원시 팔달구 인계동 976-1 1층,경기,수원시 팔달구,경기 수원시 팔달구
하남감일점,경기도 하남시 감일동 528-1(경기도 하남시 신우실로 61),경기,하남시,경기 하남시
하남미사점,경기 하남시 망월동 968-3 망월동 우승프라자 102103호,경기,하남시,경기 하남시
하남시청역점,경기 하남시 하남대로 792 (신장동 동진빌딩) 1층 102호,경기,하남시,경기 하남시
하남신장점,경기 하남시 신평로 45 (신장동 SN 타워) 102호,경기,하남시,경기 하남시
하남풍산점,경기도 하남시 덕풍동로 111 111호,경기,하남시,경기 하남시
한국공학대점,경기 시흥시 산기대학로 237 (정왕동 한국공학대학교) 한국공학대학교 기술혁신파크 B1층,경기,시흥시,경기 시흥시
한국외대글로벌점,경기도 용인시 처인구 모현면 외대로 81 한국외대 3층,경기,용인시 처인구,경기 용인시 처인구
한신대점,경기도 오산시 양산동 438-1,경기,오산시,경기 오산시
햇빛마을점,경기도 고양시 덕양구 충장로 134번지 114호 (행신동),경기,고양시 덕양구,경기 고양시 덕양구
행신역점,경기도 고양시 덕양구 충경로 52,경기,고양시 덕양구,경기 고양시 덕양구
향남롯데시네마점,경기도 화성시 향남읍 상신하길로 298번길 7-27,경기,화성시,경기 화성시
호원점,경기도 의정부시 외미로 99 (호원동 51-1),경기,의정부시,경기 의정부시
호평역점,경기 남양주시 호평로 33 (호평동 호평 두산위브파크) 107108호,경기,남양주시,경기 남양주시
화서역점,경기도 수원시 팔달구 화서동 644-5 그린프라자 1층,경기,수원시 팔달구,경기 수원시 팔달구
화성남양점,경기도 화성시 남양읍 남양리 2253-3,경기,화성시,경기 화성시
화성병점동점,경기도 화성시 병점동 314-3,경기,화성시,경기 화성시
화성봉담2지구점,경기 화성시 봉담읍 상리 692-3,경기,화성시,경기 화성시
화성봉담점,경기도 화성시 봉담읍 동화리 564번지 114~115호,경기,화성시,경기 화성시
화성사강점,경기 화성시 송산면 사강로 193 (사강리) 1층,경기,화성시,경기 화성시
화성조암점,경기 화성시 우정읍 조암동로10번길 11 (조암리) 101호,경기,화성시,경기 화성시
화성향남점,경기도 화성시 향남읍 행정중앙2로 33,경기,화성시,경기 화성시
거제고현점,경남 거제시 서문로 79 (고현동) 1층,경남,거제시,경남 거제시
거제상동점,경상남도 거제시 상동5길 115,경남,거제시,경남 거제시
거제서정점,경남 거제시 거제면 거제남서로 3466 (서정리 청목 아델하임) 1층,경남,거제시,경남 거제시
거제수월점,경남 거제시 수양로 432 (수월동) 1층,경남,거제시,경남 거제시
거제아주점,경상남도 거제시 아주로 36 (아주동),경남,거제시,경남 거제시
거제옥포점,경남 거제시 옥포동 545-13 1층,경남,거제시,경남 거제시
거제장평점,경상남도 거제시 장평로8길 25 (장평동),경남,거제시,경남 거제시
거제중곡점,경상남도 거제시 고현동 988-32 동진빌딩 2층,경남,거제시,경남 거제시
경남거창점,경상남도 거창군 거창읍 아림로 32-1 2층,경남,거창군,경남 거창군
경남고성점,경상남도 고성군 고성읍 송학로 149번길 21층,경남,고성군,경남 고성군
경남대점,경상남도 창원시 마산합포구 월영북로 8-1 1층(대내동),경남,창원시 마산합포구,경남 창원시 마산합포구
경남데파트점,경상남도 창원시 마산합포구 중앙동3가 2-31층,경남,창원시 마산합포구,경남 창원시 마산합포구
경남사천점,경상남도 사천시 사천읍 평화1길 151층,경남,사천시,경남 사천시
경남산청점,경상남도 산청군 산청읍 꽃봉산로91번길 23,경남,산청군,경남 산청군
경남하동점,경상남도 하동군 하동읍 시장1길 25,경남,하동군,경남 하동군
경남합천점,경상남도 합천군 합천읍 동서로 83-1,경남,합천군,경남 합천군
경상대점,경상남도 진주시 진주대로 500,경남,진주시,경남 진주시
곤양점,경상남도 사천시 곤양면 성내리 199,경남,사천시,경남 사천시
공군교육사령부점,경남 진주시 금산면 송백로 46 (송백리) 사서함 306-1,경남,진주시,경남 진주시
구산점,경상남도 김해시 구산동 1083-5 (김해대로1902번길 55 (구산동)),경남,김해시,경남 김해시
김해메가마트점,경상남도 김해시 김해대로2492번길 20 김해메가마트,경남,김해시,경남 김해시
김해부원점,경상남도 김해시 호계로472번길 39-9,경남,김해시,경남 김해시
김해삼계점,경상남도 김해시 가야로169번길 5(삼계동블루시티퀀덤),경남,김해시,경남 김해시
김해삼방점,경상남도 김해시 활천로267번길 30번지,경남,김해시,경남 김해시
김해서상점,경상남도 김해시 가락로 96 1층,경남,김해시,경남 김해시
김해신세계점,경남 김해시 김해대로 2232 (외동) 2층,경남,김해시,경남 김해시
김해율하2지구점,경상남도 김해시 장유동 825-1 1층,경남,김해시,경남 김해시
김해율하점,경상남도 김해시 율하2로 52,경남,김해시,경남 김해시
김해인제대점,경상남도 김해시 인제로 194,경남,김해시,경남 김해시
김해주촌점,경상남도 김해시 천곡로 14,경남,김해시,경남 김해시
김해진례점,경상남도 김해시 진례면 송현로 21,경남,김해시,경남 김해시
남해스포츠파크점,경상남도 남해군 서면 남서대로 1680,경남,남해군,경남 남해군
남해창선점,경상남도 남해군 창선면 동부대로 2807-3,경남,남해군,경남 남해군
내서삼계점3,경상남도 창원시 마산회원구 내서읍 삼계리 27 오아시스빌딩302호,경남,창원시 마산회원구,경남 창원시 마산회원구
내서호계점,경상남도 창원시 마산회원구 내서읍 호계리 80번지 202호 (호계본동로 18 (코오롱 하늘채2차 다올채 1동202,경남,창원시 마산회원구,경남 창원시 마산회원구
내외점,경상남도 김해시 외동 1217-7,경남,김해시,경남 김해시
대안점,경상남도 진주시 대안동 14-7 #2층,경남,진주시,경남 진주시
덕계점,경상남도 양산시 덕계동 742-13,경남,양산시,경남 양산시
마산현동점,경상남도 창원시 마산합포구 현동 606번지 중흥S클래스 프라디움2차 상가동 104호 (현동9길 14),경남,창원시 마산합포구,경남 창원시 마산합포구
밀양삼문점,경상남도 밀양시 삼문동 741-3,경남,밀양시,경남 밀양시
밀양하남점,경상남도 밀양시 하남읍 수산리 467-49,경남,밀양시,경남 밀양시
반지반림점,경상남도 창원시 성산구 반지동 80-5,경남,창원시 성산구,경남 창원시 성산구
북마산점,경상남도 창원시 마산합포구 북성로 91,경남,창원시 마산합포구,경남 창원시 마산합포구
사천공군비행단점,경남 사천시 사천읍 사천대로 1891-46 (사주리) 군부대,경남,사천시,경남 사천시
사천사남점,경남 사천시 사남면 월성리 474-20 1층 108호,경남,사천시,경남 사천시
산호점,경상남도 창원시 마산합포구 산호동 202-6,경남,창원시 마산합포구,경남 창원시 마산합포구
삼문코아점,경상남도 김해시 능동로 155번길 10-21,경남,김해시,경남 김해시
삼천포점,경상남도 사천시 벌리동 261-6,경남,사천시,경남 사천시
석동점,경상남도 창원시 진해구 석동 654-3 세븐코아빌딩 1층,경남,창원시 진해구,경남 창원시 진해구
신남해점,경상남도 남해군 남해읍 북변리 160-7,경남,남해군,경남 남해군
신보건대점,경상남도 진주시 창렬로 114 2층 (상봉동 1091-27),경남,진주시,경남 진주시
신진주교대점,경상남도 진주시 신안동 447-6 가산빌딩2층,경남,진주시,경남 진주시
신진주상대점,경상남도 진주시 상대2동 303-67,경남,진주시,경남 진주시
신창신대점,경상남도 창원시 마산회원구 구암남10길 40 화성빌딩 2층,경남,창원시 마산회원구,경남 창원시 마산회원구
신창원대점,경상남도 창원시 의창구 사림동 55-13 (퇴촌로25번길 6-21 1층(사림동)),경남,창원시 의창구,경남 창원시 의창구
신창원도계점,경상남도 창원시 의창구 도계로 63,경남,창원시 의창구,경남 창원시 의창구
양산남부시장점,경상남도 양산시 북안남4길 7-37 1층,경남,양산시,경남 양산시
양산물금역점,경상남도 양산시 물금읍 물금로 201층,경남,양산시,경남 양산시
양산물금점,경상남도 양산시 물금읍 범어리 682-3,경남,양산시,경남 양산시
양산범어점,경상남도 양산시 물금읍 범어로 62,경남,양산시,경남 양산시
양산북정동점,경남 양산시 북정로 19 (북정동) 101호,경남,양산시,경남 양산시
양산사송점,경남 양산시 동면 내송내안2길 35 (내송리) 1층,경남,양산시,경남 양산시
양산서창점,경상남도 양산시 삼호2길 50,경남,양산시,경남 양산시
양산석계점,경상남도 양산시 상북면 반회서6길 2 1층,경남,양산시,경남 양산시
양산석산점,경상남도 양산시 동면 금오13길 4,경남,양산시,경남 양산시
양산에덴밸리점,경상남도 양산시 어실로 12062층,경남,양산시,경남 양산시
양산중부점,경상남도 양산시 양산역1길 12 2층,경남,양산시,경남 양산시
양산증산이마트점,경상남도 양산시 물금읍 야리로 45,경남,양산시,경남 양산시
양산증산점,경상남도 양산시 물금읍 야리로 112,경남,양산시,경남 양산시
양산통도사점,경상남도 양산시 하북면 신평7길 6,경남,양산시,경남 양산시
양산평산이마트점,경상남도 양산시 평산로 33 유토피아 빌딩 1층,경남,양산시,경남 양산시
양산필립모리스점,경남 양산시 산막공단남12길 67 (북정동) 1층,경남,양산시,경남 양산시
원지점,경상남도 산청군 신안면 하정리 630-23,경남,산청군,경남 산청군
율하관동점,경남 김해시 율하카페길 93-17 (관동동),경남,김해시,경남 김해시
장승포점,경상남도 거제시 능포동 674-2 리더스빌딩 23층,경남,거제시,경남 거제시
장유롯데마트점,경상남도 김해시 삼문로 151층,경남,김해시,경남 김해시
진동점,경상남도 창원시 마산합포구 진동면 진동리 432-7 (진동면 진북산업로 23),경남,창원시 마산합포구,경남 창원시 마산합포구
진영신도시점,경상남도 김해시 진영읍 김해대로361번길 3 104(골든프라자빌딩)  (진영읍 진영리 1605-5),경남,김해시,경남 김해시
진주과기대점,경상남도 진주시 동진로 29 2층,경남,진주시,경남 진주시
진주금산점,경남 진주시 금산면 장사리 979-9,경남,진주시,경남 진주시
진주들말점,경남 진주시 평거로 38 (평거동) 1층,경남,진주시,경남 진주시
진주정촌점,경남 진주시 정촌면 예하리 1290-1 1층 101호,경남,진주시,경남 진주시
진주초장점,경상남도 진주시 초장로14번길 24 (초전동)  (초전동 1641-4번지),경남,진주시,경남 진주시
진주평거점,경상남도 진주시 진양호로 84,경남,진주시,경남 진주시
진주하대점,경상남도 진주시 도동로 213,경남,진주시,경남 진주시
진주혁신도시점,경남 진주시 에나로 83 (충무공동) 1층,경남,진주시,경남 진주시
진해신항점,경남 창원시 진해구 신항동로 121 (용원동 오렌지타운) 1층 111호,경남,창원시 진해구,경남 창원시 진해구
진해용원점,경상남도 창원시 진해구 용원서로39번길 16,경남,창원시 진해구,경남 창원시 진해구
진해자은점,경상남도 창원시 진해구 자은동 135-1 자은빌딩 204호,경남,창원시 진해구,경남 창원시 진해구
진해장천점,경상남도 창원시 진해구 충장로 662 105호,경남,창원시 진해구,경남 창원시 진해구
진해중앙점,경상남도 창원시 진해구 화천동 47-5,경남,창원시 진해구,경남 창원시 진해구
창녕남지점,경상남도 창녕군 남지읍 남지리 995-3,경남,창녕군,경남 창녕군
창녕영산점,경상남도 창녕군 영산면 동리 219-1,경남,창녕군,경남 창녕군
창녕점,경상남도 창녕군 창녕읍 종로 50,경남,창녕군,경남 창녕군
창원NC파크점,경상남도 창원시 마산회원구 삼호로 63,경남,창원시 마산회원구,경남 창원시 마산회원구
창원가음점,경상남도 창원시 성산구 원이대로883번길 15-24 201호,경남,창원시 성산구,경남 창원시 성산구
창원감계점,경상남도 창원시 의창구 북면 감계로 110번길 54-312층,경남,창원시 의창구,경남 창원시 의창구
창원대방점,경상남도 창원시 성산구 가양로 124번길 15 대암빌딩 2층,경남,창원시 성산구,경남 창원시 성산구
창원대산점,경상남도 창원시 의창구 대산면 제동리 273-58,경남,창원시 의창구,경남 창원시 의창구
창원봉림점,경상남도 창원시 의창구 봉림동 713-1 애플타운 201호,경남,창원시 의창구,경남 창원시 의창구
창원상남점,경상남도 창원시 성산구 마디미로 16번길 3 2층,경남,창원시 성산구,경남 창원시 성산구
창원소답점,경상남도 창원시 의창구 읍성로 57 1층,경남,창원시 의창구,경남 창원시 의창구
창원시티세븐점,경상남도 창원시 의창구 원이대로 332 1층(대원동 더시티세븐호텔),경남,창원시 의창구,경남 창원시 의창구
창원신월점,경상남도 창원시 의창구 신사로 41,경남,창원시 의창구,경남 창원시 의창구
창원신촌점,경상남도 창원시 성산구 신촌동 22-1 상가아파트가-8,경남,창원시 성산구,경남 창원시 성산구
창원안민점,경상남도 창원시 성산구 안민안길 46,경남,창원시 성산구,경남 창원시 성산구
창원용호점,경상남도 창원시 의창구 용호동 73-46번지 102호 (원이대로589번길 6-2 1층 102호(용호동,경남,창원시 의창구,경남 창원시 의창구
창원유니시티점,경상남도 창원시 의창구 중동 790 상가2동 128,경남,창원시 의창구,경남 창원시 의창구
창원중앙점,경상남도 창원시 성산구 중앙대로 89 1층,경남,창원시 성산구,경남 창원시 성산구
창원합성점,경상남도 창원시 마산회원구 양덕북4길 11 2층,경남,창원시 마산회원구,경남 창원시 마산회원구
충무공점,경상남도 진주시 충무공동 282-6번지 207호 (충의로 20-17 207호 (충무공동 가온누,경남,진주시,경남 진주시
칠원광려천점,경남 함안군 칠원읍 오곡로 92 (오곡리 행운마트) 1층,경남,함안군,경남 함안군
통영도남점,경상남도 통영시 도남로 2701층,경남,통영시,경남 통영시
통영점,경상남도 통영시 북신동 1-1번지 2층,경남,통영시,경남 통영시
통영죽림점,경상남도 통영시 광도면 죽림1로 17-37,경남,통영시,경남 통영시
통영중앙점,경상남도 통영시 중앙로 1411층,경남,통영시,경남 통영시
팔용점,경상남도 창원시 의창구 팔용동 101번지 팔용종합상가 209호,경남,창원시 의창구,경남 창원시 의창구
피자앤치킨 진주봉곡점,경남 진주시 봉곡동 24-9 1층,경남,진주시,경남 진주시
하동진교점,경상남도 하동군 진교면 진교시장길 17-11 1층,경남,하동군,경남 하동군
함안점,경상남도 함안군 가야읍 말산리 519-23번지 2층,경남,함안군,경남 함안군
함안칠원점,경남 함안군 칠원읍 성내길 8 구성리 화평교회 1층,경남,함안군,경남 함안군
함양점,경상남도 함양군 함양읍 용평리 694-5 2층,경남,함양군,경남 함양군
경북고령점,경상북도 고령군 대가야읍 우륵로 16-1,경북,고령군,경북 고령군
경북도청점,경상북도 예천군 호명면 산합리 1416,경북,예천군,경북 예천군
경북백천점,경상북도 경산시 경청로 1105 (백천동금강빌딩 103호104),경북,경산시,경북 경산시
경북사동점,경상북도 경산시 백자로 53(사동),경북,경산시,경북 경산시
경북성주점,경북 성주군 성주읍 성주로 3216-1 (경산리) 1층,경북,성주군,경북 성주군
경북영덕점,경상북도 영덕군 영덕읍 덕곡길 106-11층,경북,영덕군,경북 영덕군
경북영천점,경상북도 영천시 야사동 331-43 (모란2길 22-6 (야사동)),경북,영천시,경북 영천시
경북예천점,경상북도 예천군 예천읍 중앙로 78,경북,예천군,경북 예천군
경북의성점,경상북도 의성군 의성읍 중리리 693-5,경북,의성군,경북 의성군
경북청도점,경상북도 청도군 청도읍 청화로 132 1층,경북,청도군,경북 청도군
경북청송점,경북 청송군 진보면 진보로 186 (각산리) 1층,경북,청송군,경북 청송군
경산역점,경북 경산시 중앙로 7 (사정동),경북,경산시,경북 경산시
경산옥산점,경상북도 경산시 성암로 45 1층,경북,경산시,경북 경산시
경산자인점,경상북도 경산시 자인면 동부리 36-1,경북,경산시,경북 경산시
경산중산점,경상북도 경산시 중산동 637-2,경북,경산시,경북 경산시
경산진량중앙점,경상북도 경산시 진량읍 공단로 4691층,경북,경산시,경북 경산시
경주금장점,경상북도 경주시 현곡면 안현로 6,경북,경주시,경북 경주시
경주동천점,경상북도 경주시 동천로 64 (동천동),경북,경주시,경북 경주시
경주안강점,경북 경주시 안강읍 양월리 1134-4 1층,경북,경주시,경북 경주시
경주양남점,경북 경주시 양남면 동해안로 643 (나아리) 1층,경북,경주시,경북 경주시
경주용황점,경상북도 경주시 용황구획4길 41,경북,경주시,경북 경주시
경주월드점1,경상북도 경주시 보문로 544 경주월드버클리클럽 2층,경북,경주시,경북 경주시
경주중앙점,경상북도 경주시 노동동 141-1,경북,경주시,경북 경주시
경주충효점,경상북도 경주시 충효녹지길 34,경북,경주시,경북 경주시
구미구평점,경북 구미시 구평동 447-2,경북,구미시,경북 구미시
구미문성점,경북 구미시 고아읍 들성로 235 (문성리),경북,구미시,경북 구미시
구미봉곡점,경상북도 구미시 봉곡동 381-4번지,경북,구미시,경북 구미시
구미비산점,경북 구미시 신비로 121-6 (비산동),경북,구미시,경북 구미시
구미산동점,경북 구미시 산동읍 신당1로2길 13 (신당리) 111호,경북,구미시,경북 구미시
구미선산점,경상북도 구미시 선산읍 동부리 525-11,경북,구미시,경북 구미시
구미송정점,경상북도 구미시 박정희로 599푸르지오캐슬A단지 상가,경북,구미시,경북 구미시
구미옥계점,경상북도 구미시 옥계동 833-1번지 101호,경북,구미시,경북 구미시
구미원평점,경북 구미시 구미중앙로17길 21 (원평동) 1층,경북,구미시,경북 구미시
구미인동점,경상북도 구미시 인동중앙로 37,경북,구미시,경북 구미시
구미형곡점,경상북도 구미시 신시로7길 29,경북,구미시,경북 구미시
김천신음점,경북 김천시 신음동 462-25 1층,경북,김천시,경북 김천시
김천평화점,경상북도 김천시 평화동 245-22 1층,경북,김천시,경북 김천시
김천혁신도시점,경상북도 김천시 율곡동 366번지 103호,경북,김천시,경북 김천시
대구가톨릭대점,경상북도 경산시 하양읍 하양로 13-13(기숙사식당),경북,경산시,경북 경산시
대구대점,경상북도 경산시 진량읍 대구대로 252-4,경북,경산시,경북 경산시
대구한의대점,경상북도 경산시 한의대로 1 대구한의대M동 9호관 B1,경북,경산시,경북 경산시
문경점촌점,경상북도 문경시 점촌5길 7,경북,문경시,경북 문경시
삼풍계양점,경상북도 경산시 삼풍동 510-2번지,경북,경산시,경북 경산시
상모점,경상북도 구미시 상모동 29-4,경북,구미시,경북 구미시
상주점,경북 상주시 중앙로 193 (서성동) 1층 103호,경북,상주시,경북 상주시
성건점,경상북도 경주시 동대로 18번지 (성건동),경북,경주시,경북 경주시
신금오공대점,경상북도 구미시 대학로 52-2번지 3동 1층,경북,구미시,경북 구미시
신대구경일대점,경상북도 경산시 하양읍 부호리 274,경북,경산시,경북 경산시
신대부적점,경상북도 경산시 압량면 압독2로1길 38,경북,경산시,경북 경산시
신영주가흥점,경상북도 영주시 대동로 36(가흥동),경북,영주시,경북 영주시
신영주중앙점,경상북도 영주시 구성로 345,경북,영주시,경북 영주시
신울진점,경상북도 울진군 울진읍 연호로 12,경북,울진군,경북 울진군
신정하점,경상북도 안동시 정하동 299-1,경북,안동시,경북 안동시
신포항오천점,경상북도 포항시 남구 오천읍 세계리 857-12 (오천읍 세계길 41),경북,포항시 남구,경북 포항시 남구
안동대점,경상북도 안동시 경동로 1375 안동대학교 복지관 1층,경북,안동시,경북 안동시
안동삼산점,경상북도 안동시 서동문로 174-8,경북,안동시,경북 안동시
안동옥동점,경상북도 안동시 경북대로 423,경북,안동시,경북 안동시
영남대점,경상북도 경산시 청운로 13-3 1층,경북,경산시,경북 경산시
영천창신점,경상북도 영천시 언하공단로 87(망정동) 1층,경북,영천시,경북 영천시
오태북삼점,경상북도 칠곡군 북삼읍 금오대로8길 6-2 (북삼읍 인평리 1088-2번지),경북,칠곡군,경북 칠곡군
왜관점,경상북도 칠곡군 왜관읍 왜관리 230-10,경북,칠곡군,경북 칠곡군
외동입실점,경상북도 경주시 외동읍 입실로 72,경북,경주시,경북 경주시
울진죽변점,경상북도 울진군 죽변면 죽변북로 47-6번지,경북,울진군,경북 울진군
울진후포점,경상북도 울진군 후포면 후포삼율로 98,경북,울진군,경북 울진군
칠곡석적점,경상북도 칠곡군 석적읍 중리 203-2,경북,칠곡군,경북 칠곡군
포항두호점,경상북도 포항시 북구 용두산길 32,경북,포항시 북구,경북 포항시 북구
포항롯데시네마점,경북 포항시 북구 중앙상가길 16 (대흥동) 롯데시네마 1층,경북,포항시 북구,경북 포항시 북구
포항문덕점,경상북도 포항시 남구 오천읍 원동로 58,경북,포항시 남구,경북 포항시 남구
포항양덕점,경상북도 포항시 북구 양덕동 1326 1층,경북,포항시 북구,경북 포항시 북구
포항연일점,경상북도 포항시 남구 연일읍 연일로159번길 20 (생지리 313-1),경북,포항시 남구,경북 포항시 남구
포항우현점,경상북도 포항시 북구 우현동 산21-7,경북,포항시 북구,경북 포항시 북구
포항유강점,경상북도 포항시 남구 연일읍 유강길9번길 37,경북,포항시 남구,경북 포항시 남구
포항이동점,경상북도 포항시 남구 대이로 1691층,경북,포항시 남구,경북 포항시 남구
포항지곡점,경상북도 포항시 남구 지곡동 480-4,경북,포항시 남구,경북 포항시 남구
포항초곡점,경북 포항시 북구 흥해읍 초곡지구로58번길 38-6 (초곡리) 1층 3호,경북,포항시 북구,경북 포항시 북구
포항해병대1사단점,경북 포항시 남구 오천읍 용덕리 103 해병1사단 내 청파관2층,경북,포항시 남구,경북 포항시 남구
포항효자점,경상북도 포항시 남구 효자동길7번길 71층,경북,포항시 남구,경북 포항시 남구
포항흥해점,경상북도 포항시 북구 흥해읍 흥해로 29 1층,경북,포항시 북구,경북 포항시 북구
하양점,경상북도 경산시 하양읍 금락리 131-133,경북,경산시,경북 경산시
광주금호점,광주광역시 서구 풍금로 171번길 5,광주,서구,광주 서구
광주대점,광주광역시 남구 효덕로 280 1층,광주,남구,광주 남구
광주동천점,광주광역시 서구 유림로 100번지 (동천동),광주,서구,광주 서구
광주문흥점,광주광역시 북구 대천로 140-81층,광주,북구,광주 북구
광주봉선점,광주광역시 남구 봉선로 176,광주,남구,광주 남구
광주상무점,광주광역시 서구 치평동 1168-1번지 상무프라자,광주,서구,광주 서구
광주소촌점,광주광역시 광산구 소촌로152번길 1동 101호,광주,광산구,광주 광산구
광주송정점,광주광역시 광산구 광산로 14 1층,광주,광산구,광주 광산구
광주쌍촌점,광주광역시 서구 쌍촌동 1321,광주,서구,광주 서구
광주양산점,광주광역시 북구 양산택지로 571층,광주,북구,광주 북구
광주오치매곡점,광주광역시 북구 오치동 862-22,광주,북구,광주 북구
광주유스퀘어점,광주 서구 무진대로 904 광천동 유스퀘어광천터미널 2F,광주,서구,광주 서구
광주임동점,광주 북구 임동 97-23 1층,광주,북구,광주 북구
광주진월점,광주광역시 남구 진월동 250-13,광주,남구,광주 남구
광주첨단2지구점,광주광역시 북구 신용동 733 솔로몬빌딩 102호,광주,북구,광주 북구
광주첨단점,광주광역시 광산구 첨단중앙로 96,광주,광산구,광주 광산구
광주충장점,광주광역시 동구 중앙로160번길 15-2 2층,광주,동구,광주 동구
광주풍암점,광주광역시 서구 풍암2로 20 1층,광주,서구,광주 서구
광주풍향점,광주광역시 북구 군왕로 1 맘스터치,광주,북구,광주 북구
광주하남2지구점,광주광역시 광산구 산정동 1042,광주,광산구,광주 광산구
광주학동점,광주광역시 동구 학동 732-1,광주,동구,광주 동구
광주화정점,광주광역시 서구 월드컵4강로 92,광주,서구,광주 서구
광주효천점,광주 남구 효천2로가길 11-1 (임암동) 2층,광주,남구,광주 남구
신가신창점,광주광역시 광산구 신창동 1250-5,광주,광산구,광주 광산구
신광주운암점,광주광역시 북구 황계로55번길 8번지 201호,광주,북구,광주 북구
신광주조선대점,광주광역시 동구 지산동 500번지 2층,광주,동구,광주 동구
신수완점,광주광역시 광산구 풍영로 200번길 63,광주,광산구,광주 광산구
신운남하남,광주광역시 광산구 사암로340번안길 6 106호,광주,광산구,광주 광산구
일곡점,광주광역시 북구 송해로 81 1층,광주,북구,광주 북구
전남대점,광주 북구 용봉동 160-20 2층,광주,북구,광주 북구
호남대점,광주광역시 광산구 선운로 5 2층 201호,광주,광산구,광주 광산구
계대동문점,대구광역시 달서구 신당동 1790-9 2층,대구,달서구,대구 달서구
대곡도원점,대구광역시 달서구 한실로 67,대구,달서구,대구 달서구
대곡역점,대구광역시 달서구 비슬로 2728,대구,달서구,대구 달서구
대구교대점,대구광역시 남구 중앙대로 243,대구,남구,대구 남구
대구구지점,대구광역시 달성군 구지면 응암리 1208-3,대구,달성군,대구 달성군
대구군위점,대구 군위군 군위읍 도군로 2717 (서부리) 4-1 1호,대구,군위군,대구 군위군
대구금호점,대구광역시 북구 한강로 55 상가동 104-105호,대구,북구,대구 북구
대구남산점,대구 중구 남산로 73 (남산동 청라힐스자이) 302동 202호,대구,중구,대구 중구
대구논공점,대구 달성군 논공읍 논공로 748 (북리) 1층,대구,달성군,대구 달성군
대구다사점,대구광역시 달성군 다사읍 달구벌대로 805,대구,달성군,대구 달성군
대구대현점,대구광역시 북구 대현동 119-9,대구,북구,대구 북구
대구도남점,대구 북구 도남중앙로7길 24 (국우동) 국우동,대구,북구,대구 북구
대구동구청점,대구광역시 동구 신암동 38-2,대구,동구,대구 동구
대구동대구점,대구광역시 동구 신천동 285-3(동부로22길 8) 1층,대구,동구,대구 동구
대구동서변점,대구광역시 북구 호국로43길 8-18(서변동)1층,대구,북구,대구 북구
대구동호점,대구광역시 동구 동호로 751층,대구,동구,대구 동구
대구두류점,대구광역시 달서구 두류동 488-1,대구,달서구,대구 달서구
대구만촌점,대구광역시 수성구 달구벌대로 2642(만촌동),대구,수성구,대구 수성구
대구반월당점,대구광역시 중구 중앙대로67길 10,대구,중구,대구 중구
대구방촌점,대구광역시 동구 동촌로 196,대구,동구,대구 동구
대구보건대점,대구 북구 칠곡중앙대로69길 14 (태전동) 1층,대구,북구,대구 북구
대구북구청역,대구 북구 고성북로 34 (고성동3가 오페라트루엘 시민의 숲) 301동 104호(고성동 3가오페라 트루엘 시민의 숲),대구,북구,대구 북구
대구북비산점,대구광역시 서구 달서로 177-1,대구,서구,대구 서구
대구서부터미널점,대구광역시 달서구 월배로 497번지  1~2동 (송현동),대구,달서구,대구 달서구
대구서재점,대구광역시 달성군 다사읍 서재로 113 1층,대구,달성군,대구 달성군
대구성당점,대구광역시 달서구 당산로 118 1층,대구,달서구,대구 달서구
대구세천점,대구 달성군 다사읍 세천리 1590-4 101호,대구,달성군,대구 달성군
대구송현점,대구광역시 달서구 월배로75길 69,대구,달서구,대구 달서구
대구신매점,대구광역시 수성구 신매동 572-3,대구,수성구,대구 수성구
대구신서혁신도시점,대구광역시 동구 이노밸리로 325 103호,대구,동구,대구 동구
대구신월성점,대구 달서구 조암로6길 6-45 (월성동) 1층,대구,달서구,대구 달서구
대구연경점,대구광역시 북구 연경동 960-3,대구,북구,대구 북구
대구옥포점,대구광역시 달성군 옥포면 강림리 1125번지,대구,달성군,대구 달성군
대구월배점,대구광역시 달서구 상원로 103,대구,달서구,대구 달서구
대구월성CGV점,대구광역시 달서구 조암로 29 이래타워 1층 106호,대구,달서구,대구 달서구
대구이곡점,대구 달서구 이곡동 1250 1층,대구,달서구,대구 달서구
대구장기점,대구광역시 달서구 장기로 243 1층,대구,달서구,대구 달서구
대구중동점,대구광역시 수성구 중동 100-2,대구,수성구,대구 수성구
대구지산점,대구 수성구 지범로 208 (범물동) 1층,대구,수성구,대구 수성구
대구진천점,대구광역시 달서구 진천로 78,대구,달서구,대구 달서구
대구칠곡읍내점,대구 북구 칠곡중앙대로 551 (읍내동) 1층,대구,북구,대구 북구
대구칠곡점,대구 북구 학정로 431 (동천동) 1층 101호,대구,북구,대구 북구
대구침산점,대구광역시 북구 침산남로 140엠비프라자 2층 201호,대구,북구,대구 북구
대구평리점,대구광역시 서구 평리동 1526-21,대구,서구,대구 서구
대구현풍점,대구광역시 달성군 유가면 테크노상업로 100 1층 107호,대구,달성군,대구 달성군
대구호산점,대구광역시 달서구 호산동로 35북길 26,대구,달서구,대구 달서구
대명계대점,대구광역시 남구 대명동 1890-11,대구,남구,대구 남구
만촌메트로점,대구광역시 수성구 화랑로 74,대구,수성구,대구 수성구
북부정류장점,대구광역시 서구 비산동 1840-1번지 (서대구로 304 1층 104호(비산동)),대구,서구,대구 서구
수성구청점,대구광역시 수성구 달구벌대로 2494 A상가 101호,대구,수성구,대구 수성구
수성시장점,대구광역시 수성구 들안로 275-1 1층,대구,수성구,대구 수성구
수성점,대구광역시 수성구 수성1가 73 삼우수성타운상가 A동 103호,대구,수성구,대구 수성구
시지고산점,대구광역시 수성구 시지동 316-3,대구,수성구,대구 수성구
신경북대점,대구광역시 북구 산격3동 1393-25번지 2층,대구,북구,대구 북구
신대구강남약국점,대구광역시 동구 신암동 1196-28,대구,동구,대구 동구
신대구용산점,대구광역시 달서구 용산로 230 102103호 (용산동 932-6),대구,달서구,대구 달서구
신대구중앙로점,대구광역시 중구 중앙대로 389,대구,중구,대구 중구
신대구화원점,대구광역시 달성군 화원읍 비슬로 2583,대구,달성군,대구 달성군
신봉덕점,대구광역시 남구 효성로 52 1층,대구,남구,대구 남구
신상인점,대구광역시 달서구 월곡로 261-1 2층 (상인동 1401-1),대구,달서구,대구 달서구
신안심점,대구광역시 동구 율하동 921-6번지,대구,동구,대구 동구
신안지랑역점,대구광역시 남구 대명로 144-1 (대명동 909-3),대구,남구,대구 남구
신영대병원점,대구광역시 남구 대명로 282,대구,남구,대구 남구
영진전문대점,대구 북구 복현로 31 (복현동) 1층,대구,북구,대구 북구
월성본동점,대구광역시 달서구 학산로7길 82,대구,달서구,대구 달서구
율하광장점,대구광역시 동구 율하동 1438번지 106호,대구,동구,대구 동구
이시아폴리스점,대구광역시 동구 팔공로 250 107호,대구,동구,대구 동구
이월드점,대구광역시 달서구 두류공원로 200,대구,달서구,대구 달서구
칠곡운암역점,대구 북구 구암동 652 1층,대구,북구,대구 북구
파동점,대구광역시 수성구 파동로 123 1층(파동),대구,수성구,대구 수성구
피자앤치킨 대구신천점,대구 동구 국채보상로 829 신천동 신천 두산위브 1층,대구,동구,대구 동구
황금점,대구광역시 수성구 지산동 943-4,대구,수성구,대구 수성구
갈마행복점,대전 서구 갈마로 62-1 (갈마동) 1층,대전,서구,대전 서구
관저건양대점,대전광역시 서구 도안남로 142(관저동) 도안프라자 1층,대전,서구,대전 서구
관저더샵점,대전 서구 관저동 1952-7 1층,대전,서구,대전 서구
대덕테크노밸리점,대전 유성구 테크노2로 187 (용산동 미건테크노월드),대전,유성구,대전 유성구
대전가수원점,대전광역시 서구 원도안로 16,대전,서구,대전 서구
대전가오점,대전광역시 동구 은어송로 42-3 1층,대전,동구,대전 동구
대전가장로점,대전 서구 가장로 63 (괴정동) 1층,대전,서구,대전 서구
대전과기대점,대전 서구 복수동 605 1층,대전,서구,대전 서구
대전관평점,대전광역시 유성구 관들1길 551층,대전,유성구,대전 유성구
대전대동점,대전 동구 대동 542 1층,대전,동구,대전 동구
대전대점,대전광역시 동구 대학로 62-292층,대전,동구,대전 동구
대전대흥동점,대전광역시 중구 선화서로 71층,대전,중구,대전 중구
대전도마점,대전 서구 도마1길 31 (도마동) 1층,대전,서구,대전 서구
대전도안상대점,대전광역시 유성구 봉명서로 31-13,대전,유성구,대전 유성구
대전둔산점,대전광역시 서구 둔산동 1498번지,대전,서구,대전 서구
대전만년점,대전광역시 서구 만년로 67번길 34-11 1층,대전,서구,대전 서구
대전모다아울렛점,대전광역시 유성구 대정로 5 지상2층,대전,유성구,대전 유성구
대전목동점,대전광역시 중구 동서대로 1387-6,대전,중구,대전 중구
대전문화점,대전광역시 중구 문화동 284-24,대전,중구,대전 중구
대전반석점,대전광역시 유성구 반석로 32 양지타워 1 2층,대전,유성구,대전 유성구
대전법동점,대전 대덕구 중리북로 4 (법동 동아빌딩) 1층,대전,대덕구,대전 대덕구
대전보건대점,대전광역시 동구 가양동 162-3,대전,동구,대전 동구
대전복합터미널점,대전 동구 동서대로 1688 (성남동) 1층 110호,대전,동구,대전 동구
대전산성동점,대전광역시 중구 대둔산로 391,대전,중구,대전 중구
대전송강점,대전광역시 유성구 봉산로 15 1층,대전,유성구,대전 유성구
대전송촌점,대전광역시 대덕구 계족산로81번길 59-9,대전,대덕구,대전 대덕구
대전신성점,대전광역시 유성구 신성로 97 1층,대전,유성구,대전 유성구
대전아쿠아리움점,대전광역시 중구 보문산공원로 469,대전,중구,대전 중구
대전월평점,대전광역시 서구 청사서로 401층,대전,서구,대전 서구
대전유성점1,대전광역시 유성구 봉명동 447-6번지 상가 101호 (레자미 3차 상가 101호),대전,유성구,대전 유성구
대전은행점,대전 중구 중앙로156번길 49 (은행동) 2층,대전,중구,대전 중구
대전전민점,대전광역시 유성구 유성대로 1738 1층(전민동),대전,유성구,대전 유성구
대전지족점,대전광역시 유성구 지족동로 160(지족동) 1층,대전,유성구,대전 유성구
대전천동점,대전 동구 대전로542번길 79 (천동) 1층,대전,동구,대전 동구
대전청사점,대전광역시 서구 문예로 137,대전,서구,대전 서구
대전카이스트점,대전광역시 유성구 어은로42번길 5 1층,대전,유성구,대전 유성구
대전탄방점,대전광역시 서구 계룡로 589 1층,대전,서구,대전 서구
대전태평점,대전광역시 중구 태평로 71,대전,중구,대전 중구
대전판암점,대전광역시 동구 옥천로 177 101호,대전,동구,대전 동구
둔산타임월드점,대전 서구 둔산동 1072 1층,대전,서구,대전 서구
목원대점,대전광역시 서구 도안동 880번지 201호,대전,서구,대전 서구
서대전점,대전광역시 중구 계백로 1689 1층,대전,중구,대전 중구
신대전관저점,대전광역시 서구 관저동 1351번지 (관저동로 71 1층 (관저동)),대전,서구,대전 서구
신대전노은동점,대전광역시 유성구 노은로 144 노은타운 116호 (지족동)  (유성구 지족동 905-4 노은,대전,유성구,대전 유성구
신배재대점,대전광역시 서구 도마동 50-6 2층,대전,서구,대전 서구
신탄진점,대전광역시 대덕구 신탄진로 809-1 (신탄진동 145-10),대전,대덕구,대전 대덕구
신한밭대점,대전광역시 유성구 덕명동 597-18,대전,유성구,대전 유성구
신혜천대점,대전광역시 서구 복수동 605번지 101호,대전,서구,대전 서구
우송대점,대전광역시 동구 동대전로 1652층,대전,동구,대전 동구
월평역사거리점,대전 서구 월평동 535 1층,대전,서구,대전 서구
죽동점,대전광역시 유성구 죽동로 298번길 76,대전,유성구,대전 유성구
충남대점,대전광역시 유성구 궁동 416-1,대전,유성구,대전 유성구
한남대점,대전광역시 대덕구 오정동 212-3,대전,대덕구,대전 대덕구
NC백화점부산대점,부산광역시 금정구 부산대학로 63번길2 NC백화점지하 1층,부산,금정구,부산 금정구
고신대점,부산광역시 영도구 와치로 246,부산,영도구,부산 영도구
광안해변점,부산 수영구 광남로 151 (광안동 태영빌딩),부산,수영구,부산 수영구
괴정휴포레점,부산광역시 사하구 사하로 183 휴포레아파트상가 105호,부산,사하구,부산 사하구
구남역점,부산광역시 북구 백양대로 10182층,부산,북구,부산 북구
구서역점,부산광역시 금정구 중앙대로1841번길 29 (구서동 252-15),부산,금정구,부산 금정구
구포점,부산광역시 북구 구포3동 1213-18,부산,북구,부산 북구
김해공군부대점,부산 강서구 대저2동 1557 1층,부산,강서구,부산 강서구
낙민안락점,부산광역시 동래구 충렬대로446번길 67 상가동 101호,부산,동래구,부산 동래구
다대낫개역점,부산광역시 사하구 다대로429번길 15,부산,사하구,부산 사하구
당리점,부산광역시 사하구 당리동 132-2,부산,사하구,부산 사하구
대동사거리점,부산광역시 해운대구 좌4동 1407-3 대하프라자 107호,부산,해운대구,부산 해운대구
대연점,부산광역시 남구 수영로 239,부산,남구,부산 남구
덕천점,부산광역시 북구 만덕대로 20-1,부산,북구,부산 북구
동명대점,부산광역시 남구 신선로 428번지 동명대 가온누리관 1층,부산,남구,부산 남구
동아대점,부산광역시 사하구 낙동대로 516번길 47,부산,사하구,부산 사하구
동의대지천관점,부산광역시 부산진구 엄광로 176번지 동의대지천관 1층,부산,부산진구,부산 부산진구
동의의료원점,부산광역시 부산진구 양정동 산 45-1 동의의료원본관 1층,부산,부산진구,부산 부산진구
동주대점,부산광역시 사하구 낙동대로 154,부산,사하구,부산 사하구
만덕2호점,부산광역시 북구 만덕동 824-19,부산,북구,부산 북구
명지국제신도시점,부산광역시 강서구 명지국제8로 257 티에스스퀘어 105호,부산,강서구,부산 강서구
명지점,부산광역시 강서구 명지오션시티4로 82호 1층,부산,강서구,부산 강서구
문현점,부산광역시 남구 수영로 21(문현동) 1층,부산,남구,부산 남구
민락수변점,부산광역시 수영구 광안해변로 311 센텀프리모 상가동 114호,부산,수영구,부산 수영구
반여2호점,부산광역시 해운대구 재반로 215,부산,해운대구,부산 해운대구
벡스코점,부산광역시 해운대구 센텀남대로 50 센텀임페리얼타워 103호,부산,해운대구,부산 해운대구
부산 SNT모티브점,부산 기장군 철마면 여락송정로 363 (송정리 SNT모티브(주)) 1층,부산,기장군,부산 기장군
부산가야역점,부산광역시 부산진구 가야대로 613,부산,부산진구,부산 부산진구
부산감만부두점,부산 남구 북항로 191 (감만동 동부부산컨테이너터미널) 1층,부산,남구,부산 남구
부산감천점,부산광역시 사하구 감천로 41,부산,사하구,부산 사하구
부산개금역점,부산 부산진구 가야대로 450 (개금동 개금역금강펜테리움더스퀘어아파트) 1층,부산,부산진구,부산 부산진구
부산경상대점,부산광역시 연제구 고분로 143번길 3,부산,연제구,부산 연제구
부산경성대점,부산 남구 수영로 313 (대연동) 2층,부산,남구,부산 남구
부산괘법점,부산광역시 사상구 사상로 254 1층,부산,사상구,부산 사상구
부산기장점,부산광역시 기장군 기장읍 읍내로 103,부산,기장군,부산 기장군
부산남구청점,부산광역시 남구 못골로 402층,부산,남구,부산 남구
부산대북문점,부산광역시 금정구 금강로 335번길 16,부산,금정구,부산 금정구
부산대저점,부산광역시 강서구 대저1동 1749-16,부산,강서구,부산 강서구
부산대점,부산광역시 금정구 부산대학로 63번길 4,부산,금정구,부산 금정구
부산대청점,부산광역시 중구 대청로 94 1층,부산,중구,부산 중구
부산동래메가점,부산광역시 동래구 명륜로 129번길 22층,부산,동래구,부산 동래구
부산동삼동점,부산광역시 영도구 동삼동 266-4 1층,부산,영도구,부산 영도구
부산망미점,부산 수영구 과정로 54 (망미동) 1층,부산,수영구,부산 수영구
부산명장점,부산광역시 동래구 반송로 2711층,부산,동래구,부산 동래구
부산모라점,부산광역시 사상구 백양대로 916,부산,사상구,부산 사상구
부산문현금융단지점,부산광역시 남구 문현금융로 22 2층,부산,남구,부산 남구
부산반여점,부산광역시 해운대구 선수촌로 81-11층,부산,해운대구,부산 해운대구
부산범어사역점,부산광역시 금정구 중앙대로 2102,부산,금정구,부산 금정구
부산범일점,부산 동구 자성로133번길 31 (범일동 슈랜드빌딩) 1층,부산,동구,부산 동구
부산부암점,부산광역시 부산진구 새싹로 83-2,부산,부산진구,부산 부산진구
부산서면점,부산광역시 부산진구 중앙대로 692번길 25 2층,부산,부산진구,부산 부산진구
부산센텀점,부산광역시 해운대구 센텀중앙로 901층,부산,해운대구,부산 해운대구
부산송도점,부산광역시 서구 암남공원로 391층,부산,서구,부산 서구
부산시청점,부산광역시 연제구 중앙대로 1037(연산동),부산,연제구,부산 연제구
부산신개금점,부산광역시 부산진구 개금본동로 39 1층 (개금3동 21-2),부산,부산진구,부산 부산진구
부산신호점,부산광역시 강서구 신호산단2로 21 1층,부산,강서구,부산 강서구
부산안락점,부산광역시 동래구 안락동 471-2,부산,동래구,부산 동래구
부산월내점,부산광역시 기장군 장안읍 월내2길 1,부산,기장군,부산 기장군
부산장림점,부산광역시 사하구 다대로 247(장림동 산 29-4),부산,사하구,부산 사하구
부산재송점,부산광역시 해운대구 재반로 79(재송동),부산,해운대구,부산 해운대구
부산전포점,부산 부산진구 전포동 340-4,부산,부산진구,부산 부산진구
부산정관1호점,부산 기장군 정관읍 정관로 499 (용수리) 104호,부산,기장군,부산 기장군
부산지사점,부산 강서구 과학산단로306번길 10 (지사동 협성 ・ DS 엘리시안) 115동 1호,부산,강서구,부산 강서구
부산초량점,부산광역시 동구 초량중로 87,부산,동구,부산 동구
부산학장점,부산광역시 사상구 대동로 61,부산,사상구,부산 사상구
부산화명점,부산 북구 화명동 2315-3 1층,부산,북구,부산 북구
사직점,부산광역시 동래구 사직북로 3,부산,동래구,부산 동래구
서면1번가점,부산광역시 부산진구 중앙대로 6871층,부산,부산진구,부산 부산진구
수영광안점,부산광역시 수영구 광안동 493-7 BY빌딩 2층,부산,수영구,부산 수영구
수정점,부산광역시 동구 수정동 194,부산,동구,부산 동구
신경남정보대점,부산광역시 사상구 가야대로366번길 65 (주례동 80-65),부산,사상구,부산 사상구
신광안1호점,부산광역시 수영구 호암로 18-2,부산,수영구,부산 수영구
신남천점,부산광역시 수영구 수영로464번길 21 (남천동 31-27 1층),부산,수영구,부산 수영구
신당감점,부산광역시 부산진구 당감로 53-2번지,부산,부산진구,부산 부산진구
신만덕점,부산광역시 북구 만덕동 269-3,부산,북구,부산 북구
신백양점,부산광역시 사상구 백양대로 502,부산,사상구,부산 사상구
신부경대점,부산 남구 용소로21번길 62 (대연동) 1층,부산,남구,부산 남구
신부민점,부산광역시 서구 구덕로 220(한웅캠퍼스 102호),부산,서구,부산 서구
신부산교대점,부산광역시 연제구 교대로 7(거제동1층),부산,연제구,부산 연제구
신서대신점,부산광역시 서구 구덕로321번길 10,부산,서구,부산 서구
신서동점,부산광역시 금정구 서동로 158-2,부산,금정구,부산 금정구
신용호자이점,부산광역시 남구 신선로 566 GS하이츠자이 상가 401동 149호 (용호동 197),부산,남구,부산 남구
신우동점,부산광역시 해운대구 우동1로 79 (우동 388-8),부산,해운대구,부산 해운대구
신카톨릭대점,부산광역시 금정구 오륜대로 41 (부곡동 17-18),부산,금정구,부산 금정구
신화명롯데점,부산광역시 북구 금곡대로303번길 35 104(화명동 1층 해경타워빌딩) (화명동 2272-2),부산,북구,부산 북구
양정대학로점,부산광역시 부산진구 양정로 11번길5 1층,부산,부산진구,부산 부산진구
엄궁롯데점,부산광역시 사상구 엄궁북로 40 101호,부산,사상구,부산 사상구
연산과정교차로점,부산광역시 연제구 반송로 89 1층 3호,부산,연제구,부산 연제구
영산대점,부산광역시 해운대구 반송순환로 1412층,부산,해운대구,부산 해운대구
영선점,부산광역시 영도구 남항로 49번길 43호,부산,영도구,부산 영도구
온천장점,부산광역시 동래구 온천장로119번가길 7,부산,동래구,부산 동래구
용호점,부산광역시 남구 용호로 158 (용호동395-12),부산,남구,부산 남구
일광신도시점,부산광역시 기장군 일광면 삼성리 825-2 제일프라자 101호,부산,기장군,부산 기장군
장산역점,부산 해운대구 해운대로 814 (좌동 세종월드프라자) 1층 145호,부산,해운대구,부산 해운대구
정관달산점,부산 기장군 정관읍 달산리 1222-3 1층,부산,기장군,부산 기장군
정관모전점,부산광역시 기장군 정관읍 모전1길 6-37,부산,기장군,부산 기장군
피자앤치킨 부산병무청점,부산 수영구 연수로 281 (망미동) 1층,부산,수영구,부산 수영구
하단가락점,부산광역시 사하구 하단동 1180-10,부산,사하구,부산 사하구
한국해양대학교점,부산광역시 영도구 태종로 727 2층,부산,영도구,부산 영도구
해운대마린시티점,부산 해운대구 우동 1405 109호,부산,해운대구,부산 해운대구
해운대신도시1호점,부산광역시 해운대구 대천로67번길 15 113호 (좌동 신성아파트 상가),부산,해운대구,부산 해운대구
해운대점,부산 해운대구 해운대해변로 277 (중동 다옴빌딩) 1층,부산,해운대구,부산 해운대구
해운대중동점,부산광역시 해운대구 중동 1788 해운대 경남아너스빌 상가동 1층 105호,부산,해운대구,부산 해운대구
해운대해수욕장점,부산광역시 해운대구 우동 1311 12층,부산,해운대구,부산 해운대구
2층고척스카이돔점,서울 구로구 경인로 430 (고척동 고척스카이돔) 2층,서울,구로구,서울 구로구
4층고척스카이돔점,서울 구로구 경인로 430 (고척동 고척스카이돔) 4층,서울,구로구,서울 구로구
가든역삼점,서울 강남구 테헤란로 302 (역삼동 위워크타워) 01층,서울,강남구,서울 강남구
가든파이브점,서울특별시 송파구 문정동 634 가든파이브테크노관 지사1층,서울,송파구,서울 송파구
가락쌍용점,서울 송파구 동남로 202 (가락동 광성빌딩) 2층,서울,송파구,서울 송파구
가산디지털단지역점,서울특별시 금천구 벚꽃로 298 1층,서울,금천구,서울 금천구
가산센트럴점,서울특별시 금천구 가산동 233-5가산센트럴푸르지오,서울,금천구,서울 금천구
가양역점,서울특별시 강서구 등촌동 75-11 111-1호2호,서울,강서구,서울 강서구
가재울점,서울 서대문구 수색로 100 (북가좌동 DMC 래미안 e편한세상) 1층,서울,서대문구,서울 서대문구
강남대로점,서울 서초구 강남대로 423 (서초동 한승빌딩) 1층,서울,서초구,서울 서초구
강남대성학원점,서울특별시 강남구 강남대로78길 33 1층 101호,서울,강남구,서울 강남구
강남세곡점,서울특별시 강남구 자곡로 201 1층,서울,강남구,서울 강남구
강남압구정점,서울특별시 강남구 신사동 579-6,서울,강남구,서울 강남구
강남역점,서울특별시 강남구 역삼동 619-15,서울,강남구,서울 강남구
강동강일점,서울특별시 강동구 아리수로93길 27 강일타워,서울,강동구,서울 강동구
강동고덕점,서울특별시 강동구 고덕동 645-7,서울,강동구,서울 강동구
강동명일점,서울특별시 강동구 구천면로 428,서울,강동구,서울 강동구
강동역점,서울특별시 강동구 천호동 158-31층,서울,강동구,서울 강동구
강서구청점,서울특별시 강서구 화곡로 2961층,서울,강서구,서울 강서구
강서방화사거리점,서울특별시 강서구 방화동 571-11층,서울,강서구,서울 강서구
개봉역점,서울특별시 구로구 개봉동 203-82층,서울,구로구,서울 구로구
건대로데오점,서울 광진구 아차산로 224 (자양동) 2층,서울,광진구,서울 광진구
건대스타시티점,서울 광진구 자양동 227-342 지하1층,서울,광진구,서울 광진구
경희대로점,서울특별시 동대문구 경희대로 5-1 2층,서울,동대문구,서울 동대문구
고대타이거플라자점,서울특별시 성북구 안암동5가 1-2,서울,성북구,서울 성북구
고대하나스퀘어점,서울특별시 성북구 안암로 145 고려대학교 자연캠퍼스 B1,서울,성북구,서울 성북구
고척사거리점,서울 구로구 고척동 189 101호,서울,구로구,서울 구로구
과기대점,서울특별시 노원구 공릉동 440-16번지 2층,서울,노원구,서울 노원구
관악난곡점,서울특별시 관악구 신림동 617-9,서울,관악구,서울 관악구
관악대학동점,서울특별시 관악구 신림동 238-10 제비호 1층,서울,관악구,서울 관악구
관악사당역점,서울특별시 관악구 남현동 1061-23 사당타워 2층,서울,관악구,서울 관악구
관악신대방역점,서울특별시 관악구 신사로 90 1층 105호,서울,관악구,서울 관악구
광장동점,서울특별시 광진구 아차산로 502 101호 ~ 102호,서울,광진구,서울 광진구
구로구일역점,서울특별시 구로구 구로동 642-108,서울,구로구,서울 구로구
구로디지털단지역점,서울 구로구 시흥대로 577 (구로동) 1층 7호,서울,구로구,서울 구로구
구로시장점,서울특별시 구로구 구로동 313-150,서울,구로구,서울 구로구
구로신도림점,서울특별시 구로구 경인로59길 8 207호,서울,구로구,서울 구로구
구산역점,서울특별시 은평구 역촌동 7-1,서울,은평구,서울 은평구
구파발역점,서울특별시 은평구 진관3로 21 (진관동) 엘크루상가 124호,서울,은평구,서울 은평구
국민대점,서울특별시 성북구 정릉동 861-1 공학관 1층,서울,성북구,서울 성북구
굽은다리역점,서울 강동구 천호동 50-13,서울,강동구,서울 강동구
금천시흥사거리점,서울특별시 금천구 시흥대로 204 1층,서울,금천구,서울 금천구
금천은행나무점,서울특별시 금천구 금하로 726,서울,금천구,서울 금천구
까치산점,서울특별시 강서구 강서로 42-12층,서울,강서구,서울 강서구
낙성대역점,서울특별시 관악구 행운동 1688-124,서울,관악구,서울 관악구
남산서울타워점,서울 용산구 남산공원길 105 (용산동2가 YTN서울타워) YTN 서울타워 1층,서울,용산구,서울 용산구
남성역점,서울특별시 동작구 사당동 220-10 외 1필지,서울,동작구,서울 동작구
노량진1호점,서울특별시 동작구 노량진동 211-44,서울,동작구,서울 동작구
노량진2호점,서울특별시 동작구 노량진1동 85-6,서울,동작구,서울 동작구
노원로데오점,서울특별시 노원구 상계로3길 162층,서울,노원구,서울 노원구
노원상계보람점,서울 노원구 노원로34길 112 (상계동 코럴빌딩) 1층,서울,노원구,서울 노원구
노원중계점,서울특별시 노원구 중계동 360-121층,서울,노원구,서울 노원구
답십리역점,서울 동대문구 천호대로 289 (답십리동 한일노벨리아) 102103호,서울,동대문구,서울 동대문구
당산역점,서울특별시 영등포구 양평로 59 1층 101호,서울,영등포구,서울 영등포구
대방역점,서울 동작구 대방동 342-5,서울,동작구,서울 동작구
대치사거리점,서울 강남구 대치동 961 1층,서울,강남구,서울 강남구
덕성여대점,서울특별시 강북구 수유2동 279-69,서울,강북구,서울 강북구
도산대로점,서울 강남구 도산대로50길 21 (논현동) 1층,서울,강남구,서울 강남구
독산지식산업센터점,서울특별시 금천구 독산동 291-1 현대지기산업센터 B1 T-L,서울,금천구,서울 금천구
돈암하늘채점,서울 성북구 아리랑로 75 (돈암동 돈암코오롱하늘채) 1층,서울,성북구,서울 성북구
동국대점,서울 중구 서애로1길 11 (충무로5가),서울,중구,서울 중구
동대문DDP,서울 중구 을지로 281 (을지로7가) B2층 C2호,서울,중구,서울 중구
동대문장안점,서울특별시 동대문구 장안동 335-5,서울,동대문구,서울 동대문구
동대문현대시티점,서울특별시 중구 장충단로13길 20 B1,서울,중구,서울 중구
동덕여대점,서울특별시 성북구 화랑로13길 7 (하월곡동 18-14),서울,성북구,서울 성북구
동양미래대점,서울특별시 구로구 경인로47길 30,서울,구로구,서울 구로구
동여의도점,서울특별시 영등포구 여의대방로 394,서울,영등포구,서울 영등포구
동작보라매점,서울특별시 동작구 여의대방로 82,서울,동작구,서울 동작구
둔촌동역점,서울특별시 강동구 성내동 440,서울,강동구,서울 강동구
뚝섬한강공원점,서울 광진구 강변북로 2260 (자양동 뚝섬 1호 매점),서울,광진구,서울 광진구
마곡LG사이언스파크2호점,서울 강서구 마곡중앙8로 71 (마곡동 LG사이언스파크) B1F,서울,강서구,서울 강서구
마곡LG사이언스파크점,서울특별시 강서구 마곡동 770 E동 지하1층,서울,강서구,서울 강서구
마곡나루역점,서울특별시 강서구 마곡서로 170 1층 108호,서울,강서구,서울 강서구
마곡역홈앤쇼핑점,서울특별시 강서구 마곡동 746-1 마곡엠밸리12단지1층,서울,강서구,서울 강서구
마포공덕역점,서울특별시 마포구 마포대로 1371층,서울,마포구,서울 마포구
마포구청역점,서울 마포구 성산동 592-6 1층,서울,마포구,서울 마포구
마포대흥역점,서울특별시 마포구 대흥동 137-11층,서울,마포구,서울 마포구
맘스피치 중랑신내점,서울 중랑구 신내동 492-24 1층,서울,중랑구,서울 중랑구
망원역점,서울특별시 마포구 월드컵로 13길13,서울,마포구,서울 마포구
매봉역점,서울특별시 강남구 남부순환로 2732,서울,강남구,서울 강남구
명동점,서울 중구 명동9길 37 (을지로2가) 1층,서울,중구,서울 중구
명지대점,서울 서대문구 남가좌동 343-3 12층,서울,서대문구,서울 서대문구
목동점,서울 양천구 신목로 82-1 (신정동) 1층,서울,양천구,서울 양천구
목동파리공원점,서울특별시 양천구 목동 907-12,서울,양천구,서울 양천구
문정역점,서울특별시 송파구 문정동 651,서울,송파구,서울 송파구
미아사거리역점,서울특별시 강북구 미아동 54-54 1층B1층,서울,강북구,서울 강북구
미아역점,서울 강북구 도봉로 170 (미아동 여은빌딩) 1층,서울,강북구,서울 강북구
반포한강공원점,서울 서초구 한강남자전거길 2172 (반포동) 1층,서울,서초구,서울 서초구
방배역점,서울 서초구 방배동 910-11 1층,서울,서초구,서울 서초구
봉천현대시장점,서울 관악구 양녕로 43 (봉천동 현대M타운) 102동 1층,서울,관악구,서울 관악구
사당역점,서울 서초구 동작대로 10 (방배동) 1~3층,서울,서초구,서울 서초구
삼각지역점,서울특별시 용산구 한강대로 205(한강로 1가 50-1 1층),서울,용산구,서울 용산구
삼성중앙역점,서울특별시 강남구 삼성동 50-2,서울,강남구,서울 강남구
삼양사거리점,서울특별시 강북구 솔샘로 254,서울,강북구,서울 강북구
상계역점,서울 노원구 덕릉로83길 26 (중계동) 2층,서울,노원구,서울 노원구
상도역점,서울특별시 동작구 상도1동 772-1,서울,동작구,서울 동작구
상봉역점,서울 중랑구 상봉동 100-7,서울,중랑구,서울 중랑구
상암MBC점,서울특별시 마포구 성암로 267,서울,마포구,서울 마포구
상월곡역점,서울 성북구 화랑로 181 (상월곡동) 1층,서울,성북구,서울 성북구
서대문역점,서울특별시 서대문구 미근동 196-1,서울,서대문구,서울 서대문구
서래마을점,서울 서초구 반포동 91-10 2층,서울,서초구,서울 서초구
서울대입구역점,서울특별시 관악구 관악로 192 2층,서울,관악구,서울 관악구
서울시립대점,서울특별시 동대문구 전농동 124-2 (서울시립대로 147 (전농동 103호),서울,동대문구,서울 동대문구
서울시청점,서울특별시 중구 무교로 12 2층,서울,중구,서울 중구
서울외대점,서울특별시 동대문구 이문로 108 2층,서울,동대문구,서울 동대문구
서일대점,서울특별시 중랑구 용마산로 408(면목동 51-1),서울,중랑구,서울 중랑구
서초교대점,서울특별시 서초구 서초동 1671-5,서울,서초구,서울 서초구
서초중앙로점,서울특별시 서초구 반포동 32-2 2층,서울,서초구,서울 서초구
석계역점,서울특별시 노원구 석계로1길 182층,서울,노원구,서울 노원구
석촌역점,서울특별시 송파구 석촌동 290-8,서울,송파구,서울 송파구
선릉역점,서울 강남구 테헤란로 327 (역삼동 빅토리아오피스텔) 12층 일부,서울,강남구,서울 강남구
선유도역점,서울특별시 영등포구 양평로 119-1,서울,영등포구,서울 영등포구
성균관대점,서울특별시 종로구 명륜3가 53 경영관 지하2층,서울,종로구,서울 종로구
성동금호점,서울특별시 성동구 금호동4가 561-2,서울,성동구,서울 성동구
성북종암점,서울특별시 성북구 종암동 14-2,서울,성북구,서울 성북구
성수역점,서울특별시 성동구 성수이로20길 3 세종빌딩 1층,서울,성동구,서울 성동구
송파마천점,서울특별시 송파구 마천로 315,서울,송파구,서울 송파구
송파방이점,서울특별시 송파구 백제고분로 48길 39,서울,송파구,서울 송파구
송파역점,서울 송파구 송파대로 370 (송파동) 1층,서울,송파구,서울 송파구
송파풍납점,서울특별시 송파구 풍납동 406-1,서울,송파구,서울 송파구
숙명여대점,서울특별시 용산구 청파동 2가 64-15,서울,용산구,서울 용산구
숭실대입구역점,서울특별시 동작구 상도로 366,서울,동작구,서울 동작구
신금호역점,서울특별시 성동구 금호동1가 119 1층,서울,성동구,서울 성동구
신대방삼거리역점,서울특별시 동작구 보라매로 113 2층,서울,동작구,서울 동작구
신도림테크노마트점,서울특별시 구로구 새말로 97 신도림테크노마트 10층13호,서울,구로구,서울 구로구
신림역점,서울특별시 관악구 남부순환로 1599-3 2층,서울,관악구,서울 관악구
신서경대점,서울특별시 성북구 정릉동 227-178,서울,성북구,서울 성북구
신서울등촌점,서울특별시 양천구 목동중앙북로7길 20,서울,양천구,서울 양천구
신설동역점,서울특별시 동대문구 왕산로 11-1,서울,동대문구,서울 동대문구
신성신여대점,서울특별시 성북구 동소문로 22길 30 2층,서울,성북구,서울 성북구
신월점,서울특별시 양천구 신월1동 93-4,서울,양천구,서울 양천구
신정네거리역점,서울특별시 양천구 신정동 1190-6,서울,양천구,서울 양천구
신촌점,서울특별시 서대문구 명물길 16 (창천동 13-28),서울,서대문구,서울 서대문구
신풍역점,서울특별시 영등포구 신길로 119 한화꿈에그린상가 112-114,서울,영등포구,서울 영등포구
쌍문세라믹점,서울특별시 도봉구 쌍문동 19-15 2층,서울,도봉구,서울 도봉구
쌍문역점,서울특별시 도봉구 도봉로 496,서울,도봉구,서울 도봉구
아차산역점,서울특별시 광진구 천호대로 655 2층,서울,광진구,서울 광진구
암사역점,서울특별시 강동구 올림픽로 766,서울,강동구,서울 강동구
약수역점,서울 중구 신당동 370-52 1층,서울,중구,서울 중구
양원역점,서울 중랑구 양원역로10길 3 (망우동 제이타워) 1층,서울,중랑구,서울 중랑구
양천구청점,서울특별시 양천구 목동서로 377,서울,양천구,서울 양천구
양천목동로데오점,서울 양천구 오목로 207 (신정동) 101호~102호,서울,양천구,서울 양천구
양천향교역점,서울특별시 강서구 강서로 447 1층,서울,강서구,서울 강서구
여의나루점,서울 영등포구 여의동로 336 (여의도동 여의나루카페) 1층,서울,영등포구,서울 영등포구
연희동점,서울 서대문구 연희동 137-10,서울,서대문구,서울 서대문구
영등포구청역점,서울특별시 영등포구 당산동3가 223-7 1층,서울,영등포구,서울 영등포구
영등포대림점,서울 영등포구 도림로41길 9 (대림동 청파빌딩) 1층,서울,영등포구,서울 영등포구
영등포문래점,서울특별시 영등포구 문래로 77,서울,영등포구,서울 영등포구
오류동역남부점,서울특별시 구로구 오류2동 155-10,서울,구로구,서울 구로구
오류동역점,서울특별시 구로구 오류동 55-50 2층,서울,구로구,서울 구로구
왕십리뉴타운점,서울특별시 성동구 왕십리로 410 1동 1층 162호,서울,성동구,서울 성동구
우장산역점,서울특별시 강서구 내발산동 719-5 2층 2호,서울,강서구,서울 강서구
월계역점,서울특별시 노원구 월계동 635-6107호,서울,노원구,서울 노원구
위례중앙점,서울특별시 송파구 위례광장로 270 125호1층,서울,송파구,서울 송파구
은평갈현점,서울특별시 은평구 갈현동 460-1,서울,은평구,서울 은평구
은평구청점,서울특별시 은평구 녹번동 208,서울,은평구,서울 은평구
은평불광1호점,서울특별시 은평구 불광로 80,서울,은평구,서울 은평구
은평응암점,서울특별시 은평구 증산로 473,서울,은평구,서울 은평구
이대점,서울특별시 서대문구 대현동 40-40,서울,서대문구,서울 서대문구
이수점,서울특별시 동작구 동작대로 27길 15 2층,서울,동작구,서울 동작구
잠실1호점,서울특별시 송파구 백제고분로 187,서울,송파구,서울 송파구
잠실새내역점,서울특별시 송파구 올림픽로 116-1 2층,서울,송파구,서울 송파구
장위뉴타운점,서울 성북구 돌곶이로40길 46 (장위동 꿈의숲 아이파크) 703,서울,성북구,서울 성북구
종각역점,서울특별시 종로구 종로2가 102-1,서울,종로구,서울 종로구
종로대학로점,서울특별시 종로구 명륜4가 12-3,서울,종로구,서울 종로구
중곡역점,서울특별시 광진구 중곡동 166-34,서울,광진구,서울 광진구
중랑역점,서울특별시 중랑구 망우로 2111층,서울,중랑구,서울 중랑구
중앙대점,서울특별시 동작구 흑석로 99,서울,동작구,서울 동작구
중화역점,서울특별시 중랑구 중화동 285-11,서울,중랑구,서울 중랑구
창동역점,서울특별시 도봉구 노해로 63길 67,서울,도봉구,서울 도봉구
천호로데오점,서울 강동구 천호대로157길 26 (천호동) 2층 1호,서울,강동구,서울 강동구
태릉입구역점,서울 노원구 동일로 1000 (공릉동) 1층,서울,노원구,서울 노원구
테라스용산점,서울 용산구 한강대로 95 (한강로2가 래미안용산 더 센트럴) 1층 113호,서울,용산구,서울 용산구
포이사거리점,서울특별시 강남구 개포동 1229-6,서울,강남구,서울 강남구
피자앤치킨 화랑대역점,서울 노원구 공릉동 240-220 101호,서울,노원구,서울 노원구
학동역점,서울 강남구 학동로 215 (논현동) 1층,서울,강남구,서울 강남구
한성대입구역점,서울특별시 성북구 삼선교로 8-1(삼선동1가 8-1) 1층,서울,성북구,서울 성북구
한양대점,서울특별시 성동구 마조로 31 2층 (행당동),서울,성동구,서울 성동구
한티역점,서울특별시 강남구 대치동 923-23 1층,서울,강남구,서울 강남구
행당역점1,서울특별시 성동구 고산자로 201,서울,성동구,서울 성동구
헬리오시티점,서울 송파구 송파대로 345 (가락동 헬리오시티) 헬리오시티 상가 3-A동,서울,송파구,서울 송파구
홈플러스동대문점,서울특별시 동대문구 천호대로 133,서울,동대문구,서울 동대문구
홍대기숙사점,서울 마포구 상수동 72-1 지하 2층 기숙사 식당 내,서울,마포구,서울 마포구
홍대입구역점,서울 마포구 서교동 353-2 1층,서울,마포구,서울 마포구
홍제역점,서울특별시 서대문구 홍제동 330-52,서울,서대문구,서울 서대문구
화곡역점,서울특별시 강서구 화곡3동 1066-221층,서울,강서구,서울 강서구
휘경여고점,서울특별시 동대문구 한천로 242 1층,서울,동대문구,서울 동대문구
휘경점,서울특별시 동대문구 휘경2동 269-26,서울,동대문구,서울 동대문구
고려대세종캠퍼스점,세종특별자치시 조치원읍 내창1길 36 1층,세종,세종시,세종 세종시
세종CGV점,세종특별자치시  도움1로 108,세종,세종시,세종 세종시
세종고운점,세종특별자치시  마음로 70  에셀프라자 106호,세종,세종시,세종 세종시
세종나성점,세종특별자치시  나성동 361-50 어반아트리움 파인앤유퍼스트원,세종,세종시,세종 세종시
세종대평점,세종특별자치시  시청대로 201층,세종,세종시,세종 세종시
세종도담점,세종특별자치시  도담동 653(보듬4로 9)카림애비뉴1동 1층 43호,세종,세종시,세종 세종시
세종반곡점,세종특별자치시 반곡동 42-1 LB-111호,세종,세종시,세종 세종시
세종보람점,세종특별자치시  남세종로 462 103호,세종,세종시,세종 세종시
세종부강점,세종특별자치시 부강면 부강4길 4번지 1층,세종,세종시,세종 세종시
세종새롬점,세종시 새롬중앙로 55,세종,세종시,세종 세종시
세종소방청점,세종특별자치시 한누리대로 201 (나성동 우빈가온),세종,세종시,세종 세종시
세종아름점,세종특별자치시  보듬3로 100 해피리움1차 112호,세종,세종시,세종 세종시
조치원역점,세종특별자치시 조치원읍 으뜸길 2261층,세종,세종시,세종 세종시
조치원죽림점,세종특별자치시  조치원읍 죽림리 114-1 럭스스퀘어 201호,세종,세종시,세종 세종시
홍익대세종캠퍼스점,세종특별자치시 조치원읍 섭골골목길 19-5,세종,세종시,세종 세종시
구영리점,울산광역시 울주군 범서읍 구영리 853-1 106호 (점촌3길 8-2 106호),울산,울주군,울산 울주군
남목동점,울산광역시 동구 동부동 313,울산,동구,울산 동구
남창점,울산광역시 울주군 온양읍 연안8길 28번지,울산,울주군,울산 울주군
덕신점,울산광역시 울주군 온산읍 덕신리 1356-13,울산,울주군,울산 울주군
매곡신천점,울산광역시 북구 매곡1로 46 대우프라자 115호,울산,북구,울산 북구
매곡점,울산광역시 북구 매산로 66 222동 106호,울산,북구,울산 북구
문수로아이파크점,울산광역시 남구 신정동 1222-5번지 협성휴포레112호(봉월로67번길 3112(신정동신정협,울산,남구,울산 남구
반구중앙여고점,울산광역시 중구 반구동 776-7 (내황2길 26 (반구동1층)),울산,중구,울산 중구
선암점,울산광역시 남구 선암동 665-3,울산,남구,울산 남구
신삼산현대점,울산광역시 남구 삼산동 1540-16,울산,남구,울산 남구
신우정점,울산광역시 중구 우정동 380-17,울산,중구,울산 중구
양정점,울산광역시 북구 염포로 581,울산,북구,울산 북구
언양동문점,울산광역시 울주군 삼남면 교동리 1678-3 동문굿모닝힐 301동 211호,울산,울주군,울산 울주군
여천에코하이츠점,울산광역시 남구 선암동 156-8,울산,남구,울산 남구
옥동점,울산광역시 남구 법대로95번길 16,울산,남구,울산 남구
옥현주공점,울산광역시 남구 옥현로 46번길 5-2,울산,남구,울산 남구
울산강동산하점,울산광역시 북구 산하동 232,울산,북구,울산 북구
울산공업탑점,울산 남구 삼산로 26 (신정동 공업탑 하트랜드),울산,남구,울산 남구
울산과학대점,울산광역시 남구 대학로37번길 121층,울산,남구,울산 남구
울산남외점,울산광역시 중구 남외3길 7 107호,울산,중구,울산 중구
울산다운점,울산광역시 중구 다운로 113,울산,중구,울산 중구
울산대송점,울산광역시 동구 학문로 71,울산,동구,울산 동구
울산대왕암점,울산광역시 동구 등대로 99 대왕암상가 A동 1층 2호 (일산동),울산,동구,울산 동구
울산대점,울산광역시 남구 무거동 850-4,울산,남구,울산 남구
울산명촌점,울산광역시 북구 명촌10길 27,울산,북구,울산 북구
울산모다아울렛점,울산광역시 북구 진장유통로 78-6 4층 모다아울렛,울산,북구,울산 북구
울산문현점,울산광역시 동구 문현2길 5,울산,동구,울산 동구
울산박상진로점,울산광역시 북구 송정동 334-1 1층,울산,북구,울산 북구
울산복산점,울산광역시 중구 화합로 479 1층,울산,중구,울산 중구
울산삼호초등학교점,울산광역시 남구 굴화4길 27 (무거동 296-1),울산,남구,울산 남구
울산서부점,울산광역시 동구 서부동 257-44,울산,동구,울산 동구
울산성남점,울산광역시 중구 성남동 256-24,울산,중구,울산 중구
울산성안점,울산광역시 중구 성안로 184 1층,울산,중구,울산 중구
울산송정점,울산광역시 북구 화산중앙로 94-5 1층 117호,울산,북구,울산 북구
울산신선도원점,울산광역시 북구 진장17길 10 2층 신선도원몰,울산,북구,울산 북구
울산신정푸르지오점,울산광역시 남구 중앙로 290,울산,남구,울산 남구
울산야음점,울산광역시 남구 수암로 143 (야음동),울산,남구,울산 남구
울산약사점,울산광역시 중구 곽남7길 3 1층,울산,중구,울산 중구
울산웅촌점,울산광역시 울주군 웅촌면 곡천동문길 10,울산,울주군,울산 울주군
울산월드메르디앙점,울산광역시 남구 신정로 75 삼정글린코아 112호,울산,남구,울산 남구
울산유곡점,울산광역시 중구 평동1길 42,울산,중구,울산 중구
울산유니스트대학점,울산광역시 울주군 언양읍 유니스트길 50,울산,울주군,울산 울주군
울산일산점,울산광역시 동구 일산동 579-31,울산,동구,울산 동구
울산장현점,울산광역시 중구 종가로 735 1층,울산,중구,울산 중구
울산전하점,울산광역시 동구 전하로 33 104동 105호,울산,동구,울산 동구
울산진하점,울산광역시 울주군 서생면 진하해변길 72,울산,울주군,울산 울주군
울산천곡점,울산광역시 북구 상안동 367-10 (아진로 80 가동 (상안동)),울산,북구,울산 북구
울산청량점,울산광역시 울주군 청량면 상남리 809-9,울산,울주군,울산 울주군
울산혁신도시점,울산광역시 중구 종가4길 19  1층 106호,울산,중구,울산 중구
울산호계CGV점,울산광역시 북구 신천동 51 2층,울산,북구,울산 북구
울산화봉동점,울산광역시 북구 두부곡4길 24 1층,울산,북구,울산 북구
울주언양점,울산광역시 울주군 언양읍 헌양길 157 1층,울산,울주군,울산 울주군
울주자수정점,울산광역시 울주군 삼남면 자수정로 23 1층,울산,울주군,울산 울주군
천상점,울산광역시 울주군 범서읍 천상중앙길 104,울산,울주군,울산 울주군
태화점,울산광역시 중구 태화로 194,울산,중구,울산 중구
간석역점,인천광역시 남동구 주안로 231,인천,남동구,인천 남동구
강화도점,인천 강화군 강화읍 강화대로 398 관청리,인천,강화군,인천 강화군
경인교대점,인천광역시 계양구 계산동 968-12 1층,인천,계양구,인천 계양구
계산역점,인천광역시 계양구 경명대로 1083,인천,계양구,인천 계양구
공항신도시점,인천광역시 중구 운서동 2796-1 골드프라자 102호 (신도시남로141번길 9 102호(운,인천,중구,인천 중구
구월1점,인천광역시 남동구 구월동 70-14 홍인빌딩 103호 (용천로 87 (구월동흥인빌딩 103호)),인천,남동구,인천 남동구
구월아시아드점,인천광역시 남동구 인하로 627 스카이프라자 104105호 (구월동 1517-1),인천,남동구,인천 남동구
논현역점(인천),인천광역시 남동구 논현동 740-2 1층,인천,남동구,인천 남동구
동양점,인천광역시 계양구 동양동 641-1,인천,계양구,인천 계양구
만수역점,인천광역시 남동구 만수동 948-4,인천,남동구,인천 남동구
백령도점,인천 옹진군 백령면 백령로 240 (진촌리),인천,옹진군,인천 옹진군
부개일신점,인천광역시 부평구 부개동 364-6,인천,부평구,인천 부평구
부평갈산점,인천 부평구 주부토로 223 (갈산동 금강프라자) 1층,인천,부평구,인천 부평구
부평본점,인천광역시 부평구 장제로 58,인천,부평구,인천 부평구
부평부개점,인천광역시 부평구 부개동 23-18,인천,부평구,인천 부평구
산곡1점,인천광역시 부평구 산곡동 281-5 오남프라자 108호 (부영로189번길 51108호 (산곡동,인천,부평구,인천 부평구
송도8공구점,인천 연수구 센트럴로 415 (송도동 힐스테이트 송도 더테라스) 지상1층 156호,인천,연수구,인천 연수구
송도국제업무지구역점,인천 연수구 송도동 30-2 1층,인천,연수구,인천 연수구
송도닥터플러스몰점,인천 연수구 송도동 98-1 송도 닥터플러스몰 121호,인천,연수구,인천 연수구
송도센트럴파크점,인천광역시 연수구 센트럴로 160 1층,인천,연수구,인천 연수구
송도신도시점,인천광역시 연수구 송도동 3-1번지 밀레니엄상가 124호,인천,연수구,인천 연수구
신계산본점,인천광역시 계양구 계산새로 93번지 102호,인천,계양구,인천 계양구
신마전점,인천광역시 서구 완정로 39 정우프라자 (마전동 621-3),인천,서구,인천 서구
신백운역점,인천광역시 부평구 부평동 274-51,인천,부평구,인천 부평구
신부평구청점,인천광역시 부평구 부평동 884-9,인천,부평구,인천 부평구
신삼산점,인천광역시 부평구 삼산동 462-3,인천,부평구,인천 부평구
신송도글로벌캠퍼스점,인천광역시 연수구 송도동 190-2 글로벌캠퍼스 상가 203동 103호 (송도문화로28번길 28),인천,연수구,인천 연수구
신신포점,인천광역시 중구 신포동 62-1,인천,중구,인천 중구
신청라1호점,인천광역시 서구 연희동 798-3,인천,서구,인천 서구
신학익동점,인천광역시 남구 학익동 697-6,인천,남구,인천 남구
연수동춘점,인천광역시 연수구 동춘동 933-6,인천,연수구,인천 연수구
영종넙디점,인천 중구 운서동 2929-3 106호,인천,중구,인천 중구
인천가좌점,인천광역시 서구 장고개로337번길 16 403동 105호,인천,서구,인천 서구
인천간석만월산점,인천광역시 남동구 호구포로 917,인천,남동구,인천 남동구
인천간석점,인천광역시 남동구 간석동 284-2,인천,남동구,인천 남동구
인천검단금호점,인천 서구 이음5로 66 (원당동 서영아너시티1차) 2층 204호,인천,서구,인천 서구
인천검암점,인천광역시 서구 검암동 596-3,인천,서구,인천 서구
인천관교점,인천광역시 남동구 구월동 1398,인천,남동구,인천 남동구
인천구월로데오점,인천 남동구 성말로13번길 15 (구월동 메인프라자) 123호 208호,인천,남동구,인천 남동구
인천길병원점,인천광역시 남동구 구월남로 1821층,인천,남동구,인천 남동구
인천논현중앙점,인천 남동구 논고개로136번길 5-11 (논현동) 1층,인천,남동구,인천 남동구
인천당하점,인천광역시 서구 당하동 1097-8,인천,서구,인천 서구
인천대제3기숙사점,인천광역시 연수구 아카데미로 119,인천,연수구,인천 연수구
인천도화점,인천광역시 남구 도화동 1006-3,인천,남구,인천 남구
인천동암역점,인천광역시 부평구 동암남로 4,인천,부평구,인천 부평구
인천루원시티점,인천 서구 가정동 616-1 1층,인천,서구,인천 서구
인천만수2호점,인천광역시 남동구 만수서로83번길 26,인천,남동구,인천 남동구
인천만수3지구점,인천광역시 남동구 만수동 1019-5,인천,남동구,인천 남동구
인천불로점,인천 서구 검단로 783 (불로동 정모빌딩) 101호,인천,서구,인천 서구
인천서구청점,인천광역시 서구 심곡동 247-11,인천,서구,인천 서구
인천서창2지구점,인천광역시 남동구 서창동 691-1,인천,남동구,인천 남동구
인천송림점,인천 동구 샛골로210번길 9 (송림동) 백병원 앞 황금프라자 건물 내 위치,인천,동구,인천 동구
인천숭의역점,인천광역시 남구 숭의동 331-12(미추홀구 인주대로 51) 113호,인천,남구,인천 남구
인천신현점,인천광역시 서구 신현동 283-2,인천,서구,인천 서구
인천연수점,인천광역시 연수구 연수동 600-6,인천,연수구,인천 연수구
인천옥련점,인천광역시 연수구 옥련동 195-2 영인빌딩 2층,인천,연수구,인천 연수구
인천용현동점,인천광역시 남구 용현동 627-5341층,인천,남구,인천 남구
인천원당점,인천 서구 원당동 824-10 대산프라자 107호,인천,서구,인천 서구
인천임학점,인천광역시 계양구 임학동 6-23,인천,계양구,인천 계양구
인천작전점,인천광역시 계양구 주부토로 372,인천,계양구,인천 계양구
인천주안역점,인천 미추홀구 미추홀대로 715 (주안동) 1층,인천,미추홀구,인천 미추홀구
인천하늘도시점,인천광역시 중구 중산동 1885-12,인천,중구,인천 중구
인하대점,인천광역시 남구 용현동 182-6,인천,남구,인천 남구
재능대점,인천광역시 동구 송림동 343 동산휴먼시아 상가동 207호,인천,동구,인천 동구
제물포점,인천광역시 남구 경인로 131,인천,남구,인천 남구
주안신기점,인천광역시 남구 신기길 1,인천,남구,인천 남구
청라호수공원점,인천광역시 서구 경서동 976-88,인천,서구,인천 서구
청천점,인천광역시 부평구 산곡동 38-40,인천,부평구,인천 부평구
캠퍼스타운역점,인천 연수구 송도과학로27번길 55 (송도동 롯데캐슬 캠퍼스타운) A동 108 109호,인천,연수구,인천 연수구
트리플스트리트점,인천광역시 연수구 송도과학로 16번길33-4D동지하 1층 B101호,인천,연수구,인천 연수구
강진점,전라남도 강진군 강진읍 영랑로 3길 6-1 1층,전남,강진군,전남 강진군
고흥녹동점,전라남도 고흥군 도양읍 우주항공로 54,전남,고흥군,전남 고흥군
공룡루지테마파크점,전라남도 여수시 소라면 안심산길 155,전남,여수시,전남 여수시
광양용강점,전라남도 광양시 광양읍 용강리 869-11,전남,광양시,전남 광양시
광양제철점,전남 광양시 희망길 12-7 (금호동 기가타운) 102 - 2호,전남,광양시,전남 광양시
광양중동점,전라남도 광양시 광장1길 17 1층,전남,광양시,전남 광양시
구례점,전라남도 구례군 구례읍 봉성로 53 1층,전남,구례군,전남 구례군
나주남평점,전라남도 나주시 남평읍 동사리 358-1( 강변2길 27-1) 102호,전남,나주시,전남 나주시
나주터미널점,전라남도 나주시 나주로 185 105호 (중앙동),전남,나주시,전남 나주시
나주혁신점,전남 나주시 빛가람로 679 (빛가람동) 1층 102~103호,전남,나주시,전남 나주시
남악도청점,전라남도 무안군 삼향읍 남악리 1556,전남,무안군,전남 무안군
노화보길점,전라남도 완도군 노화읍 이포리 890-4 1층,전남,완도군,전남 완도군
담양읍점,전라남도 담양군 담양읍 죽향대로 1195 1층,전남,담양군,전남 담양군
동신대점,전라남도 나주시 대호동 252번지 동신대학교 첨단 강의관2층,전남,나주시,전남 나주시
메가박스웅천점,전라남도 여수시 신월로 96,전남,여수시,전남 여수시
목포MBC점,전라남도 목포시 영산로 333-1,전남,목포시,전남 목포시
목포대학점,전남 무안군 청계면 승달산길 24 (도림리) 2층,전남,무안군,전남 무안군
목포석현점,전남 목포시 영산로 635 (석현동 석현빌딩) 1층,전남,목포시,전남 목포시
목포옥암점,전라남도 목포시 남악2로9번길 10-111층,전남,목포시,전남 목포시
목포장미거리점,전남 목포시 비파로51번길 31 (상동) 1층,전남,목포시,전남 목포시
무선점,전라남도 여수시 화장동 789-9,전남,여수시,전남 여수시
무안오룡점,전남 무안군 일로읍 오남로1길 28 (오룡리) 104,전남,무안군,전남 무안군
문수점,전라남도 여수시 여서로 174,전남,여수시,전남 여수시
삼호읍점,전라남도 영암군 삼호읍 방아제로 2,전남,영암군,전남 영암군
순천대점,전라남도 순천시 중앙로 242-1,전남,순천시,전남 순천시
순천신대점,전라남도 순천시 해룡면 신대리 2005 (해룡면 향매로 124 1층),전남,순천시,전남 순천시
순천역점,전라남도 순천시 팔마로 124-1 (조곡동 159-4),전남,순천시,전남 순천시
순천연향점,전라남도 순천시 조례동 1719-14(이수로 293) 1층,전남,순천시,전남 순천시
순천오천점,전라남도 순천시 오천3길 36 1층,전남,순천시,전남 순천시
순천왕지점,전라남도 순천시 왕궁중앙길 2,전남,순천시,전남 순천시
순천용당점,전라남도 순천시 삼산로 61 1층,전남,순천시,전남 순천시
신광양중마점,전라남도 광양시 구마4길 24,전남,광양시,전남 광양시
신무안읍점,전라남도 무안군 무안읍 불무로 38-3,전남,무안군,전남 무안군
신산정점,전라남도 목포시 청호로 107 1층,전남,목포시,전남 목포시
신상동점,전라남도 목포시 옥암로 118 (옥암동),전남,목포시,전남 목포시
신순천금당점,전라남도 순천시 하대석길 41,전남,순천시,전남 순천시
신순천중앙점,전라남도 순천시 중앙로 110-2,전남,순천시,전남 순천시
신순천호수공원점,전라남도 순천시 왕지2길 19-5번지(왕지동2층),전남,순천시,전남 순천시
신전남화순점,전라남도 화순군 화순읍 광덕로 193-1 (만연리 242-8),전남,화순군,전남 화순군
여수미평점,전라남도 여수시 대학로 312층,전남,여수시,전남 여수시
여수엑스포점,전라남도 여수시 박람회길,전남,여수시,전남 여수시
여수웅천점,전라남도 여수시 웅천동 1675-2,전남,여수시,전남 여수시
여수중앙점,전라남도 여수시 중앙동 48,전남,여수시,전남 여수시
여천점,전남 여수시 쌍봉로 29 (학동) 2층,전남,여수시,전남 여수시
영광점,전라남도 영광군 영광읍 백학리 21,전남,영광군,전남 영광군
완도점,전라남도 완도군 완도읍 가용리 1070-1번지 101호,전남,완도군,전남 완도군
장성상무대점,전라남도 장성군 삼서면 삼계리 1 학성회관 2층,전남,장성군,전남 장성군
전남고흥점,전라남도 고흥군 고흥읍 남계리 683-1,전남,고흥군,전남 고흥군
전남곡성읍점,전라남도 곡성군 곡성읍 군청로 51,전남,곡성군,전남 곡성군
전남과학대점,전라남도 곡성군 옥과면 옥과리 221-2,전남,곡성군,전남 곡성군
전남광양읍점,전라남도 광양시 광양읍 대림오성로 136,전남,광양시,전남 광양시
전남벌교점,전라남도 보성군 벌교읍 계성1길 12-1,전남,보성군,전남 보성군
전남보성읍점,전라남도 보성군 보성읍 중앙로 57 1층,전남,보성군,전남 보성군
전남장성점,전라남도 장성군 장성읍 영천로 177,전남,장성군,전남 장성군
전남장흥점,전라남도 장흥군 장흥읍 부동로 18,전남,장흥군,전남 장흥군
전남함평점,전남 함평군 함평읍 영수길 259 (기각리),전남,함평군,전남 함평군
진도점,전라남도 진도군 진도읍 쌍정리 15-8번지 101동 201호,전남,진도군,전남 진도군
포미점,전라남도 목포시 용해지구로 2(용해동) 2층,전남,목포시,전남 목포시
해남점,전라남도 해남군 해남읍 구교리 93,전남,해남군,전남 해남군
현대삼호점,전라남도 영암군 삼호읍 신항로 106,전남,영암군,전남 영암군
군산나운점,전라북도 군산시 수송로 42 2필지 이레빌딩 106~8호,전북,군산시,전북 군산시
군산새만금산단점,전라북도 군산시 오식도동 1020 (새만금북로 424) 1층,전북,군산시,전북 군산시
군산수송점,전라북도 군산시 수송동 827-16번지,전북,군산시,전북 군산시
군산조촌점,전북 군산시 구암로 50 (조촌동) 전라북도 군산시 조촌동 2-22,전북,군산시,전북 군산시
군산지곡점,전북 군산시 지곡동 487-8,전북,군산시,전북 군산시
김제점,전라북도 김제시 요촌동 182-11,전북,김제시,전북 김제시
남원도통점,전라북도 남원시 도통동 111-13,전북,남원시,전북 남원시
부안읍점,전라북도 부안군 부안읍 봉덕리 790-6번지 2층 (부안읍 석정로 227 2층),전북,부안군,전북 부안군
삼례우석대점,전라북도 완주군 삼례읍 후정리 19,전북,완주군,전북 완주군
송천점,전라북도 전주시 덕진구 송천동1가 834-1,전북,전주시 덕진구,전북 전주시 덕진구
신군산대점,전라북도 군산시 미제2길 19 2동 201호 (미룡동 868-2번지),전북,군산시,전북 군산시
신익산모현점,전라북도 익산시 고현로 96 1층 (모현동1가 274-4),전북,익산시,전북 익산시
신전주대점,전라북도 전주시 완산구 서원로 8 202호 (효자동3가 1724-2),전북,전주시 완산구,전북 전주시 완산구
완주봉동점,전라북도 완주군 봉동읍 과학로 10331층,전북,완주군,전북 완주군
완주상관신리점,전라북도 완주군 상관면 신리 607-2 지큐빌상가 109호,전북,완주군,전북 완주군
원광대점,전라북도 익산시 신동 763-13번지 2층,전북,익산시,전북 익산시
익산동산점,전북특별자치도 익산시 평동로21길 3 (동산동) 1층,전북,익산시,전북 익산시
익산부송점,전라북도 익산시 부송1로 74,전북,익산시,전북 익산시
익산영등학원가점,전라북도 익산시 영등동 750-1,전북,익산시,전북 익산시
전북고창읍점,전라북도 고창군 고창읍 중앙로 230,전북,고창군,전북 고창군
전북대점,전라북도 전주시 덕진구 명륜4길 4,전북,전주시 덕진구,전북 전주시 덕진구
전북도청점,전북 전주시 완산구 홍산중앙로 18 (효자동3가),전북,전주시 완산구,전북 전주시 완산구
전북순창점,전라북도 순창군 순창읍 장류로 362,전북,순창군,전북 순창군
전북임실점,전라북도 임실군 임실읍 운수로 50,전북,임실군,전북 임실군
전주객사점,전라북도 전주시 완산구 경원동1가 56-1번지,전북,전주시 완산구,전북 전주시 완산구
전주금암점,전라북도 전주시 덕진구 백제대로 642(금암동),전북,전주시 덕진구,전북 전주시 덕진구
전주동산점,전라북도 전주시 덕진구 동산동 704-61층,전북,전주시 덕진구,전북 전주시 덕진구
전주만성지구점,전북 전주시 덕진구 만성동 1261-1 비전타워 2 1층,전북,전주시 덕진구,전북 전주시 덕진구
전주서부시장점,전라북도 전주시 완산구 효자동1가 202-2,전북,전주시 완산구,전북 전주시 완산구
전주서신대로점,전북특별자치도 전주시 완산구 온고을로 124 (서신동) 1층,전북,전주시 완산구,전북 전주시 완산구
전주서신점,전라북도 전주시 완산구 중화산동2가 744-1,전북,전주시 완산구,전북 전주시 완산구
전주안골점,전라북도 전주시 덕진구 인후동1가 772-51층,전북,전주시 덕진구,전북 전주시 덕진구
전주에코시티점,전라북도 전주시 덕진구 세병로 137 에코시티자이2차 213동 106호,전북,전주시 덕진구,전북 전주시 덕진구
전주인후점,전라북도 전주시 덕진구 인후동1가 846-1,전북,전주시 덕진구,전북 전주시 덕진구
전주평화점,전라북도 전주시 완산구 소대배기로 17번지,전북,전주시 완산구,전북 전주시 완산구
전주혁신도시점,전라북도 완주군 이서면 안전로 163 1층 108호,전북,완주군,전북 완주군
전주호성점,전라북도 전주시 덕진구 호성동1가 587-39,전북,전주시 덕진구,전북 전주시 덕진구
전주효천점,전북 전주시 완산구 효천천변길 24 (효자동2가) 1층,전북,전주시 완산구,전북 전주시 완산구
정읍점,전라북도 정읍시 시기동 189-4,전북,정읍시,전북 정읍시
노형점,제주특별자치도 제주시 노형동 2585-1 중흥S클래스상가 101호,제주,제주시,제주 제주시
서귀동홍점,제주특별자치도 서귀포시 동홍중앙로 52 (동홍동) 길가보빌딩 1층,제주,서귀포시,제주 서귀포시
서귀중앙점,제주특별자치도 서귀포시 중앙로 69 (서귀동) 1층,제주,서귀포시,제주 서귀포시
신삼화점,제주특별자치도 제주시 화삼북로2길,제주,제주시,제주 제주시
신서귀포점,제주특별자치도 서귀포시 대청로 39 (강정동) 2층,제주,서귀포시,제주 서귀포시
이도점,제주특별자치도 제주시 구남로6길 36 1층,제주,제주시,제주 제주시
일도동문점,제주특별자치도 제주시 건입동 1264-15,제주,제주시,제주 제주시
제주관광대점,제주특별자치도 제주시 애월읍 평화로 2729,제주,제주시,제주 제주시
제주남원점,제주특별자치도 서귀포시 남원읍 태위로 677-2,제주,서귀포시,제주 서귀포시
제주대점,제주특별자치도 제주시 제주대학로 115(아라2동 1층),제주,제주시,제주 제주시
제주대정점,제주특별자치도 서귀포시 대정읍 상모로 3021층,제주,서귀포시,제주 서귀포시
제주봉개점,제주특별자치도 제주시 번영로 489 (봉개동) 1층,제주,제주시,제주 제주시
제주성산점,제주특별자치도 서귀포시 성산읍 일주동로 42341층,제주,서귀포시,제주 서귀포시
제주세화점,제주특별자치도 제주시 구좌읍 구좌로 91 (세화리) 1층,제주,제주시,제주 제주시
제주시청점,제주특별자치도 제주시 이도이동 1773-1 2층,제주,제주시,제주 제주시
제주신화월드점,제주특별자치도 서귀포시 안덕면 신화역사로304번길 38 (서광리) 1층,제주,서귀포시,제주 서귀포시
제주아라점,제주특별자치도 제주시 아란7길 41층,제주,제주시,제주 제주시
제주애월고점,제주특별자치도 제주시 애월읍 일주서로 6365,제주,제주시,제주 제주시
제주에듀시티점,제주특별자치도 서귀포시 대정읍 보성리 2372-3,제주,서귀포시,제주 서귀포시
제주연동점,제주특별자치도 제주시 삼무로 23 (연동) 1층,제주,제주시,제주 제주시
제주연북로점,제주특별자치도 제주시 노형동 944-161층,제주,제주시,제주 제주시
제주연삼로점,제주특별자치도 제주시 연삼로 5031층,제주,제주시,제주 제주시
제주외도점,제주특별자치도 제주시 우령2길 40 (외도1동) 1층,제주,제주시,제주 제주시
제주중앙로점,제주특별자치도 제주시 중앙로 60 중앙지하상가 127호,제주,제주시,제주 제주시
제주터미널점,제주특별자치도 제주시 서광로 167,제주,제주시,제주 제주시
제주표선점,제주특별자치도 서귀포시 표선면 표선중앙로 8-4,제주,서귀포시,제주 서귀포시
제주한림점,제주특별자치도 제주시 한림읍 명랑로 2 1층,제주,제주시,제주 제주시
제주함덕점,제주특별자치도 제주시 조천읍 함덕로 38,제주,제주시,제주 제주시
제주화북남문점,제주특별자치도 제주시 일주동로 192(화북1동 1층),제주,제주시,제주 제주시
중문점,제주특별자치도 서귀포시 중문동 2050-5번지,제주,서귀포시,제주 서귀포시
협재점,제주특별자치도 제주시 한림읍 협재리 2508번지,제주,제주시,제주 제주시
계룡금암점,충남 계룡시 금암동 146-9 105호,충남,계룡시,충남 계룡시
계룡엄사점,충청남도 계룡시 엄사면 엄사중앙로 106(엄사리 180-3),충남,계룡시,충남 계룡시
공주대신관점,충청남도 공주시 번영1로 116-81층,충남,공주시,충남 공주시
공주중동점,충청남도 공주시 웅진로 153-2,충남,공주시,충남 공주시
금산중부대점,충청남도 금산군 추부면 마전리 692,충남,금산군,충남 금산군
내포신도시점,충청남도 홍성군 홍북읍 충남대로 50 아프페온2차 109110호,충남,홍성군,충남 홍성군
논산내동점,충청남도 논산시 내동 627번지 1층,충남,논산시,충남 논산시
논산연무점,충청남도 논산시 연무읍 안심로 112,충남,논산시,충남 논산시
논산오거리점,충청남도 논산시 중앙로 419 (취암동 177-3),충남,논산시,충남 논산시
당진기지시점,충청남도 당진시 송악읍 기지시1길 621층,충남,당진시,충남 당진시
당진송악점,충남 당진시 송악읍 신복운로 49 (복운리 송악프라자) 1층,충남,당진시,충남 당진시
당진신평점,충남 당진시 신평면 거산3거리길 37 (거산리 명인치과),충남,당진시,충남 당진시
당진읍내점,충청남도 당진시 당진중앙2로 117-36,충남,당진시,충남 당진시
당진터미널점,충남 당진시 밤절로 132-81 (수청동) 102호,충남,당진시,충남 당진시
대천해수욕장점,충청남도 보령시 해수욕장4길 142 (신흑동),충남,보령시,충남 보령시
독립기념관점,충남 천안시 동남구 목천읍 남화리 230-1 1층,충남,천안시 동남구,충남 천안시 동남구
둔포테크노밸리점,충청남도 아산시 둔포면 아산밸리중앙로 891층,충남,아산시,충남 아산시
서산공군기지점,충남 서산시 고북면 신성로 330 (신정리) 1층,충남,서산시,충남 서산시
서산대산점,충남 서산시 대산읍 대산리 148-8,충남,서산시,충남 서산시
서산터미널점,충청남도 서산시 안견로 201,충남,서산시,충남 서산시
서산테크노밸리점,충청남도 서산시 성연면 성연3로 29 금형빌딩 1층 101호,충남,서산시,충남 서산시
서산한서대점,충청남도 서산시 해미면 대곡리 397-3 궁전빌딩 1층,충남,서산시,충남 서산시
서산호수공원점,충청남도 서산시 호수공원4로 48,충남,서산시,충남 서산시
신당진합덕점,충청남도 당진시 합덕읍 합우로 134-1 (운산리 266-3),충남,당진시,충남 당진시
신아산장재점,충청남도 아산시 배방읍 용연로 84-27 101호 (장재리 1524),충남,아산시,충남 아산시
신아산탕정점,충청남도 아산시 탕정면 명암리 922-2,충남,아산시,충남 아산시
신천안성거점,충청남도 천안시 서북구 성거읍 성거길 94번지,충남,천안시 서북구,충남 천안시 서북구
신천안쌍용3동점,충청남도 천안시 서북구 쌍용8길 2 101호 (쌍용동 2004번지 101호),충남,천안시 서북구,충남 천안시 서북구
아산득산점,충청남도 아산시 득산동 391-2,충남,아산시,충남 아산시
아산배방점,충청남도 아산시 배방읍 북수리 958,충남,아산시,충남 아산시
아산순천향대점,충청남도 아산시 신창면 순천향로 142층,충남,아산시,충남 아산시
아산용화점,충청남도 아산시 어의정로 46 상가 1층,충남,아산시,충남 아산시
아산음봉레이크시티점,충남 아산시 음봉면 음봉로 515-18 (동암리) 1층 102호,충남,아산시,충남 아산시
아산퍼스트빌리지점,충청남도 아산시 둔포면 해위안길 127 4층,충남,아산시,충남 아산시
아산풍기점,충남 아산시 어의정로 182 (풍기동 이지더원 2차 아파트) 상가동 1층,충남,아산시,충남 아산시
아산호서대점,충청남도 아산시 배방읍 세출리 227-3,충남,아산시,충남 아산시
안면터미널점,충청남도 태안군 안면읍 장터로 129,충남,태안군,충남 태안군
예산산성점,충청남도 예산군 예산읍 역전로 148,충남,예산군,충남 예산군
온양온천점,충청남도 아산시 온궁로 27 2층,충남,아산시,충남 아산시
장항점,충청남도 서천군 장항읍 신창리 150-28번지 (장항로 145번길 12),충남,서천군,충남 서천군
천안공주대점,충청남도 천안시 서북구 천안대로 1220(신당동),충남,천안시 서북구,충남 천안시 서북구
천안남서울대점,충청남도 천안시 서북구 성환읍 성진로 65 201호(대학빌딩 2층),충남,천안시 서북구,충남 천안시 서북구
천안단국대점,충청남도 천안시 동남구 신부동 252-1번지 2층,충남,천안시 동남구,충남 천안시 동남구
천안두정역점,충청남도 천안시 서북구 두정동 1469,충남,천안시 서북구,충남 천안시 서북구
천안두정점,충청남도 천안시 서북구 두정로 173,충남,천안시 서북구,충남 천안시 서북구
천안두정포레나점,충남 천안시 서북구 두정동 48-4 1층,충남,천안시 서북구,충남 천안시 서북구
천안목천점,충청남도 천안시 동남구 목천읍 신계리 166-54,충남,천안시 동남구,충남 천안시 동남구
천안백석대점,충청남도 천안시 동남구 문암로 74-4 성지빌딩,충남,천안시 동남구,충남 천안시 동남구
천안백석동점,충청남도 천안시 서북구 한들3로 101호,충남,천안시 서북구,충남 천안시 서북구
천안법원점,충청남도 천안시 동남구 청수5로 3,충남,천안시 동남구,충남 천안시 동남구
천안불당점,충청남도 천안시 서북구 불당동 725번지 미래시티1층,충남,천안시 서북구,충남 천안시 서북구
천안성성점,충청남도 천안시 서북구 성성동 179-28,충남,천안시 서북구,충남 천안시 서북구
천안성정점,충청남도 천안시 서북구 성정공원3길 4,충남,천안시 서북구,충남 천안시 서북구
천안신방점,충청남도 천안시 동남구 수곡로 61 (신방동),충남,천안시 동남구,충남 천안시 동남구
천안쌍용1점,충청남도 천안시 서북구 봉서5길 41층,충남,천안시 서북구,충남 천안시 서북구
천안쌍용고점,충청남도 천안시 서북구 쌍용동 1894번지 101호1층,충남,천안시 서북구,충남 천안시 서북구
천안역점,충청남도 천안시 동남구 대흥로 227 1층,충남,천안시 동남구,충남 천안시 동남구
천안원마트점,충청남도 천안시 서북구 백석동 604-19,충남,천안시 서북구,충남 천안시 서북구
천안직산점,충청남도 천안시 서북구 직산읍 삼은리 311번지,충남,천안시 서북구,충남 천안시 서북구
천안차암점,충청남도 천안시 서북구 밤개울2길 1-2 1층(차암동),충남,천안시 서북구,충남 천안시 서북구
천안터미널사거리점,충청남도 천안시 동남구 만남로 501층,충남,천안시 동남구,충남 천안시 동남구
천안통정점,충청남도 천안시 동남구 통정10로 33-10,충남,천안시 동남구,충남 천안시 동남구
천안풍세산단점,충청남도 천안시 동남구 풍세면 보성리 580-59,충남,천안시 동남구,충남 천안시 동남구
충남금산점,충청남도 금산군 금산읍 상리 175-28 CU금산앤이시티 102,충남,금산군,충남 금산군
충남보령점,충남 보령시 한내로 36 (동대동) 1층 104호,충남,보령시,충남 보령시
충남부여점,충청남도 부여군 부여읍 중앙로 12,충남,부여군,충남 부여군
충남서천점,충청남도 서천군 서천읍 서천로 139 1층,충남,서천군,충남 서천군
충남청양점,충남 청양군 청양읍 읍내리 221-1,충남,청양군,충남 청양군
충남태안점,충청남도 태안군 태안읍 동문1길 73 명동빌딩 1층,충남,태안군,충남 태안군
홍성대학로점,충청남도 홍성군 홍성읍 대학길 49,충남,홍성군,충남 홍성군
홍성법원점,충청남도 홍성군 홍성읍 법원로 10,충남,홍성군,충남 홍성군
홍성점,충청남도 홍성군 홍성읍 아문길29번길 69 2층,충남,홍성군,충남 홍성군
NC백화점청주점,충청북도 청주시 흥덕구 2순환로 1233 드림플러스,충북,청주시 흥덕구,충북 청주시 흥덕구
괴산점,충청북도 괴산군 괴산읍 동부리 661-64 1층,충북,괴산군,충북 괴산군
봉명아이파크점,충청북도 청주시 흥덕구 덕암로 108번길65 1층,충북,청주시 흥덕구,충북 청주시 흥덕구
서원대점,충청북도 청주시 서원구 모충동 245-6 #2층,충북,청주시 서원구,충북 청주시 서원구
서충주기업도시점,충청북도 충주시 중앙탑면 용전리 680,충북,충주시,충북 충주시
신청주산남점,충청북도 청주시 서원구 산남동 654번지,충북,청주시 서원구,충북 청주시 서원구
오송2지구점,충북 청주시 흥덕구 오송읍 봉산리 1080 1층,충북,청주시 흥덕구,충북 청주시 흥덕구
오창2산단점,충청북도 청주시 청원구 오창읍 주성리 578번지 103호 (2산단로 134),충북,청주시 청원구,충북 청주시 청원구
오창과학단지점,충청북도 청주시 청원구 오창읍 각리 652-2,충북,청주시 청원구,충북 청주시 청원구
음성읍내점,충북 음성군 음성읍 시장로 69 (읍내리),충북,음성군,충북 음성군
제천세명대점,충청북도 제천시 모산동 108-2 6번지 1층,충북,제천시,충북 제천시
제천신백점,충청북도 제천시 신백동 183-1번지 (의병대로 245 (신백동)),충북,제천시,충북 제천시
제천장락점,충청북도 제천시 신죽하로 53,충북,제천시,충북 제천시
제천하소점,충청북도 제천시 용두대로15길 18-1,충북,제천시,충북 제천시
진천읍내점,충청북도 진천군 진천읍 상산로 84-6 1층,충북,진천군,충북 진천군
진천혁신도시덕산점,충북 진천군 덕산읍 시가로 4 (두촌리) 1층,충북,진천군,충북 진천군
청주가경점,충청북도 청주시 흥덕구 가경동 1703번지 미젼빌딩104105,충북,청주시 흥덕구,충북 청주시 흥덕구
청주강서점,충청북도 청주시 흥덕구 서현북로 60 1층,충북,청주시 흥덕구,충북 청주시 흥덕구
청주남문로점,충청북도 청주시 상당구 북문로1가 70-2 2층,충북,청주시 상당구,충북 청주시 상당구
청주내수점,충북 청주시 청원구 내수읍 내수로 720 (마산리) 1층,충북,청주시 청원구,충북 청주시 청원구
청주대점,충북 청주시 청원구 대성로288번길 59 (우암동) 1층,충북,청주시 청원구,충북 청주시 청원구
청주동남지구점,충북 청주시 상당구 중고개로 129 (용암동),충북,청주시 상당구,충북 청주시 상당구
청주방서지구점,충북 청주시 상당구 2순환로2031번길 6-20 (방서동) 1층,충북,청주시 상당구,충북 청주시 상당구
청주복대점,충청북도 청주시 흥덕구 복대동 1142,충북,청주시 흥덕구,충북 청주시 흥덕구
청주분평점,충청북도 청주시 서원구 분평동 1384번지,충북,청주시 서원구,충북 청주시 서원구
청주사직운천점,충청북도 청주시 서원구 사직대로 267-1,충북,청주시 서원구,충북 청주시 서원구
청주사천점,충청북도 청주시 청원구 율봉로 19 1층,충북,청주시 청원구,충북 청주시 청원구
청주성안점,충청북도 청주시 상당구 상당로 81번길 57(서문동) 1층,충북,청주시 상당구,충북 청주시 상당구
청주성화점,충청북도 청주시 서원구 신화로 34 103호,충북,청주시 서원구,충북 청주시 서원구
청주수곡분평점,충청북도 청주시 서원구 청남로 1999,충북,청주시 서원구,충북 청주시 서원구
청주오송점,충청북도 청주시 흥덕구 오송읍 만수리 520,충북,청주시 흥덕구,충북 청주시 흥덕구
청주오창점,충청북도 청주시 청원구 오창읍 중심상업1로 8-9,충북,청주시 청원구,충북 청주시 청원구
청주옥산점,충북 청주시 흥덕구 옥산면 오송가락로 1055 (가락리) 106호,충북,청주시 흥덕구,충북 청주시 흥덕구
청주용담광장점,충청북도 청주시 상당구 수영로 299,충북,청주시 상당구,충북 청주시 상당구
청주용암2동점,충청북도 청주시 상당구 월평로 222,충북,청주시 상당구,충북 청주시 상당구
청주용암점,충청북도 청주시 상당구 낙영로24번길 24 1층,충북,청주시 상당구,충북 청주시 상당구
청주우암점,충청북도 청주시 청원구 우암동 235-25 1층,충북,청주시 청원구,충북 청주시 청원구
청주율량2지구점,충청북도 청주시 청원구 주성로 295,충북,청주시 청원구,충북 청주시 청원구
청주율량점,충청북도 청주시 청원구 율봉로 224,충북,청주시 청원구,충북 청주시 청원구
청주지웰시티점,충청북도 청주시 흥덕구 대농로 68 1층 104호,충북,청주시 흥덕구,충북 청주시 흥덕구
청주테크노폴리스점,충청북도 청주시 흥덕구 송절동 724,충북,청주시 흥덕구,충북 청주시 흥덕구
청주하복대점,충청북도 청주시 흥덕구 증안로 20 1층,충북,청주시 흥덕구,충북 청주시 흥덕구
충대중문점,충청북도 청주시 서원구 내수동로102번길 36,충북,청주시 서원구,충북 청주시 서원구
충북광혜원점,충청북도 진천군 광혜원면 중리1길 5,충북,진천군,충북 진천군
충북금왕점,충청북도 음성군 금왕읍 무극로 269,충북,음성군,충북 음성군
충북단양점,충청북도 단양군 단양읍 도전리 1592층,충북,단양군,충북 단양군
충북대소점,충청북도 음성군 대소면 대동로 876 1층,충북,음성군,충북 음성군
충북대점,충청북도 청주시 서원구 1순환로 686(사창동) 1층,충북,청주시 서원구,충북 청주시 서원구
충북보은점,충청북도 보은군 보은읍 뱃들로 55-6,충북,보은군,충북 보은군
충북영동점,충청북도 영동군 영동읍 중앙로3길 7 (계산리 686-21),충북,영동군,충북 영동군
충북옥천점,충청북도 옥천군 옥천읍 중앙로 56,충북,옥천군,충북 옥천군
충북증평점,충청북도 증평군 증평읍 중앙로 179번지 1호,충북,증평군,충북 증평군
충북혁신도시점,충청북도 음성군 맹동면 대하로 273 지음프라자 102호,충북,음성군,충북 음성군
충주건대점,충청북도 충주시 충원대로 266 (단월동 해오름학사1층),충북,충주시,충북 충주시
충주교통대점,충청북도 충주시 대소원면 용두제방길 4 1층,충북,충주시,충북 충주시
충주성서점,충청북도 충주시 성서동 320321 1층,충북,충주시,충북 충주시
충주연수점,충청북도 충주시 갱고개로 143,충북,충주시,충북 충주시
충주용산점,충북 충주시 용산동 1611-4,충북,충주시,충북 충주시
충주칠금점,충청북도 충주시 계명대로 35,충북,충주시,충북 충주시
충주호암점,충청북도 충주시 호암동 1081,충북,충주시,충북 충주시
충청대점,충북 청주시 흥덕구 강내면 탑연리 164-3 1층,충북,청주시 흥덕구,충북 청주시 흥덕구
부천순천향대병원점,경기 부천시 조마루로 170 (중동 순천향대학교) 순천향대학교 부속 부천병원 본관 지하 2층 일부,경기,부천시 원미구,경기 부천시 원미구
부천약대점,경기도 부천시 중동로 416-1,경기,부천시 오정구,경기 부천시 오정구
부천역점,경기도 부천시 성주로 2631층,경기,부천시 소사구,경기 부천시 소사구
부천오정점,경기도 부천시 오정로 210,경기,부천시 오정구,경기 부천시 오정구
부천원종점,경기 부천시 원종동 220-1 1층 3호,경기,부천시 오정구,경기 부천시 오정구
석전양덕점,경상남도 마산시 마산회원구 석전2동 248-9,경남,창원시 마산회원구,경남 창원시 마산회원구
한라대점,제주특별자치도 한라대학로 76,제주,제주시,제주 제주시
